:020000040800F2
:10000000000002203D1E0008E1150008E31500086D
:10001000E5150008E7150008E915000800000000D4
:100020000000000000000000000000003146000851
:10003000EB15000800000000D14600083547000815
:100040008D1E00088D1E00088D1E00088D1E0008E4
:100050008D1E00088D1E00088D1E00088D1E0008D4
:100060008D1E00088D1E00088D1E00088D1E0008C4
:10007000ED1500088D1E00088D1E00088D1E00085D
:100080008D1E00088D1E00088D1E00088D1E0008A4
:10009000FD1500080D1600088D1E00088D1E0008B5
:1000A0008D1E00088D1E00088D1E00088D1E000884
:1000B0008D1E00088D1E00088D1E00088D1E000874
:1000C0008D1E00088D1E00088D1E00088D1E000864
:1000D0008D1E00081D1600088D1E0008555C0008C6
:1000E0008D1E00088D1E00088D1E00088D1E000844
:1000F0008D1E00088D1E00088D1E00088D1E000834
:100100008D1E00088D1E00088D1E00088D1E000823
:100110008D1E00088D1E00088D1E00082D1600087B
:100120008D1E00083D1600084D1600088D1E0008A3
:100130008D1E00088D1E00088D1E00088D1E0008F3
:100140005D1600086D1600088D1E00088D1E000843
:100150008D1E00087D1600088D1600089D160008EB
:100160008D1E00088D1E00088D1E00088D1E0008C3
:100170008D1E00088D1E00088D1E00080000000066
:080180008D1E00088D1E000811
:1001C00081F0004102E000BF83F0004330B54FEA08
:1001D00041044FEA430594EA050F08BF90EA020F75
:1001E0001FBF54EA000C55EA020C7FEA645C7FEA08
:1001F000655C00F0E2804FEA5454D4EB5555B8BF2B
:100200006D420CDD2C4480EA020281EA030382EA9B
:10021000000083EA010180EA020281EA0303362D2D
:1002200088BF30BD11F0004F4FEA01314FF4801C00
:100230004CEA113102D0404261EB410113F0004F12
:100240004FEA03334CEA133302D0524263EB4303C9
:1002500094EA050F00F0A780A4F10104D5F1200E67
:100260000DDB02FA0EFC22FA05F2801841F10001C2
:1002700003FA0EF2801843FA05F359410EE0A5F196
:1002800020050EF1200E012A03FA0EFC28BF4CF0C7
:10029000020C43FA05F3C01851EBE37101F000457D
:1002A00007D54FF0000EDCF1000C7EEB00006EEB8A
:1002B0000101B1F5801F1BD3B1F5001F0CD3490814
:1002C0005FEA30004FEA3C0C04F101044FEA44526B
:1002D00012F5800F80F09A80BCF1004F08BF5FEAF2
:1002E000500C50F1000041EB045141EA050130BDD2
:1002F0005FEA4C0C404141EB0101013C28BFB1F5E4
:10030000801FE9D291F0000F04BF01460020B1FA2E
:1003100081F308BF2033A3F10B03B3F120020CDA01
:100320000C3208DD02F1140CC2F10C0201FA0CF0DF
:1003300021FA02F10CE002F11402D8BFC2F1200C44
:1003400001FA02F120FA0CFCDCBF41EA0C019040FA
:10035000E41AA2BF01EB0451294330BD6FEA040443
:100360001F3C1CDA0C340EDC04F11404C4F120022E
:1003700020FA04F001FA02F340EA030021FA04F340
:1003800045EA030130BDC4F10C04C4F1200220FA97
:1003900002F001FA04F340EA0300294630BD21FAD5
:1003A00004F0294630BD94F0000F83F4801306BF9B
:1003B00081F480110134013D4EE77FEA645C18BF8F
:1003C0007FEA655C29D094EA050F08BF90EA020F26
:1003D00005D054EA000C04BF1946104630BD91EA1E
:1003E000030F1EBF0021002030BD5FEA545C05D121
:1003F0004000494128BF41F0004130BD14F5800460
:100400003CBF01F5801130BD01F0004545F0FE41D3
:1004100041F470014FF0000030BD7FEA645C1ABF08
:10042000194610467FEA655C1CBF0B46024650EA3F
:10043000013406BF52EA033591EA030F41F400216B
:1004400030BD00BF90F0000F04BF0021704730B5F1
:100450004FF4806404F132044FF000054FF00001C6
:1004600050E700BF90F0000F04BF0021704730B587
:100470004FF4806404F1320410F0004548BF40425C
:100480004FF000013EE700BF42004FEAE2014FEAB1
:1004900031014FEA02701FBF12F07F4393F07F4F8C
:1004A00081F06051704732F07F4208BF704793F08F
:1004B0007F4F04BF41F40021704730B54FF46074A2
:1004C00001F0004521F000411CE700BF50EA0102A5
:1004D00008BF704730B54FF000050AE050EA01024E
:1004E00008BF704730B511F0004502D5404261EBBE
:1004F00041014FF4806404F132045FEA915C3FF4FF
:10050000D8AE4FF003025FEADC0C18BF03325FEA9B
:10051000DC0C18BF033202EBDC02C2F1200300FA4C
:1005200003FC20FA02F001FA03FE40EA0E0021FA71
:1005300002F11444BDE600BF53B94AB9002908BF0F
:1005400000281CBF4FF0FF314FF0FF3000F00CB817
:10055000ADF1080C6DE904CE05F020FCDDF804E0F7
:10056000DDE9022304B07047704700BF844641EACA
:10057000000313F003036DD1403A41D351F8043B1B
:1005800040F8043B51F8043B40F8043B51F8043B6D
:1005900040F8043B51F8043B40F8043B51F8043B5D
:1005A00040F8043B51F8043B40F8043B51F8043B4D
:1005B00040F8043B51F8043B40F8043B51F8043B3D
:1005C00040F8043B51F8043B40F8043B51F8043B2D
:1005D00040F8043B51F8043B40F8043B51F8043B1D
:1005E00040F8043B51F8043B40F8043B51F8043B0D
:1005F00040F8043B51F8043B40F8043B403ABDD27C
:10060000303211D351F8043B40F8043B51F8043B1D
:1006100040F8043B51F8043B40F8043B51F8043BDC
:1006200040F8043B103AEDD20C3205D351F8043BAC
:1006300040F8043B043AF9D2043208D0D2071CBF78
:1006400011F8013B00F8013B01D30B8803806046A1
:10065000704700BF082A13D38B078DD010F0030317
:100660008AD0C3F10403D21ADB071CBF11F8013B87
:1006700000F8013B80D331F8023B20F8023B7BE7D6
:10068000043AD9D3013A11F8013B00F8013BF9D201
:100690000B7803704B7843708B788370604670479B
:1006A00001F0FF01102A2BDB10F0070F08D010F823
:1006B000013B013A8B422DD010F0070F42B3F6D127
:1006C000F0B441EA012141EA014122F007047FF040
:1006D00000070023F0E80256083C85EA010586EA97
:1006E000010685FA47F5A3FA87F586FA47F6A5FAD3
:1006F00087F68EB9EED1F0BC01F0FF0102F00702DF
:1007000032B110F8013B013A83EA010313B1F8D189
:100710000020704701387047002D06BF354603386A
:10072000073815F0010F07D1013015F4807F02BFA3
:10073000013015F4C03F0130F0BC0138704700BFF4
:1007400030B490F800F020F007016FF0000C10F0CA
:10075000070491F820F040F048804FF000046FF05B
:100760000700D1E9002391F840F000F1080082FA77
:100770004CF2A4FA8CF283FA4CF3A2FA8CF34BBB42
:10078000D1E9022382FA4CF200F10800A4FA8CF2BB
:1007900083FA4CF3A2FA8CF3E3B9D1E9042382FA89
:1007A0004CF200F10800A4FA8CF283FA4CF3A2FA9E
:1007B0008CF37BB9D1E9062301F1200182FA4CF2D6
:1007C00000F10800A4FA8CF283FA4CF3A2FA8CF33D
:1007D000002BC6D0002A04BF04301A4612BAB2FA5F
:1007E00082F200EBD20030BC7047D1E9002304F064
:1007F0000305C4F100004FEAC50514F0040F91F899
:1008000040F00CFA05F562EA05021CBF63EA050335
:1008100062464FF00004AAE770B54FF0FF0C4CF4AD
:10082000E06C1CEA11541DBF1CEA135594EA0C0F2E
:1008300095EA0C0F00F0DEF82C4481EA030621EA69
:100840004C5123EA4C5350EA013518BF52EA0335A4
:1008500041F4801143F4801338D0A0FB02CE4FF056
:100860000005E1FB02E506F00042E0FB03E54FF086
:100870000006E1FB03569CF0000F18BF4EF0010E7E
:10088000A4F1FF04B6F5007F64F5407404D25FEA7A
:100890004E0E6D4146EB060642EAC62141EA55512D
:1008A0004FEAC52040EA5E504FEACE2EB4F1FD0C6F
:1008B00088BFBCF5E06F1ED8BEF1004F08BF5FEAED
:1008C000500E50F1000041EB045170BD06F000469F
:1008D00046EA010140EA020081EA0301B4EB5C044C
:1008E000C2BFD4EB0C0541EA045170BD41F4801144
:1008F0004FF0000E013C00F3AB8014F1360FDEBF69
:10090000002001F0004170BDC4F10004203C35DA44
:100910000C341BDC04F11404C4F1200500FA05F3C7
:1009200020FA04F001FA05F240EA020001F0004268
:1009300021F0004110EBD37021FA04F642EB0601DE
:100940005EEA430E08BF20EAD37070BDC4F10C0408
:10095000C4F1200500FA04F320FA05F001FA04F2CC
:1009600040EA020001F0004110EBD37041F10001B8
:100970005EEA430E08BF20EAD37070BDC4F12005C3
:1009800000FA05F24EEA020E20FA04F301FA05F22B
:1009900043EA020321FA04F001F0004121FA04F2D3
:1009A00020EA020000EBD3705EEA430E08BF20EAA3
:1009B000D37070BD94F0000F0FD101F000464000DD
:1009C00041EB010111F4801F08BF013CF7D041EA5F
:1009D000060195F0000F18BF704703F00046520063
:1009E00043EB030313F4801F08BF013DF7D043EA34
:1009F0000603704794EA0C0F0CEA135518BF95EAEA
:100A00000C0F0CD050EA410618BF52EA4306D1D170
:100A100081EA030101F000414FF0000070BD50EA8F
:100A2000410606BF1046194652EA430619D094EA19
:100A30000C0F02D150EA013613D195EA0C0F05D103
:100A400052EA03361CBF104619460AD181EA030157
:100A500001F0004141F0FE4141F470014FF000000F
:100A600070BD41F0FE4141F4780170BD70B54FF0AA
:100A7000FF0C4CF4E06C1CEA11541DBF1CEA13552A
:100A800094EA0C0F95EA0C0F00F0A7F8A4EB05040C
:100A900081EA030E52EA03354FEA013100F0888003
:100AA0004FEA03334FF0805545EA131343EA1263CC
:100AB0004FEA022245EA111545EA10654FEA002681
:100AC0000EF000419D4208BF964244F1FD0404F53A
:100AD000407402D25B084FEA3202B61A65EB030596
:100AE0005B084FEA32024FF480104FF4002CB6EB53
:100AF000020E75EB030E22BFB61A754640EA0C00D3
:100B00005B084FEA3202B6EB020E75EB030E22BF12
:100B1000B61A754640EA5C005B084FEA3202B6EB53
:100B2000020E75EB030E22BFB61A754640EA9C0012
:100B30005B084FEA3202B6EB020E75EB030E22BFE2
:100B4000B61A754640EADC0055EA060E18D04FEAA0
:100B5000051545EA16754FEA06164FEAC30343EA40
:100B600052734FEAC2025FEA1C1CC0D111F4801F0D
:100B70000BD141EA00014FF000004FF0004CB6E706
:100B800011F4801F04BF01430020B4F1FD0C88BFA5
:100B9000BCF5E06F3FF6AFAEB5EB030C04BFB6EBB0
:100BA000020C5FEA500C50F1000041EB045170BDA3
:100BB0000EF0004E4EEA113114EB5C04C2BFD4EBD0
:100BC0000C0541EA045170BD41F480114FF0000E54
:100BD000013C90E645EA060E8DE60CEA135594EAD0
:100BE0000C0F08BF95EA0C0F3FF43BAF94EA0C0FD3
:100BF0000AD150EA01347FF434AF95EA0C0F7FF448
:100C000025AF104619462CE795EA0C0F06D152EA9B
:100C100003353FF4FDAE1046194622E750EA41067F
:100C200018BF52EA43067FF4C5AE50EA41047FF490
:100C30000DAF52EA43057FF4EBAE12E74FF0FF3CF5
:100C400006E000BF4FF0010C02E000BF4FF0010CC6
:100C50004DF804CD4FEA410C7FEA6C5C4FEA430C3F
:100C600018BF7FEA6C5C1BD001B050EA410C0CBF8E
:100C700052EA430C91EA030F02BF90EA020F0020F0
:100C8000704710F1000F91EA030F58BF994208BF57
:100C900090422CBFD8176FEAE37040F00100704714
:100CA0004FEA410C7FEA6C5C02D150EA013C07D16B
:100CB0004FEA430C7FEA6C5CD6D152EA033CD3D0B6
:100CC0005DF8040B704700BF8446104662468C46B0
:100CD0001946634600E000BF01B5FFF7B7FF0028E3
:100CE00048BF10F1000F01BD4DF808EDFFF7F4FF0C
:100CF0000CBF012000205DF808FB00BF4DF808ED97
:100D0000FFF7EAFF34BF012000205DF808FB00BFB9
:100D10004DF808EDFFF7E0FF94BF012000205DF8DB
:100D200008FB00BF4DF808EDFFF7CEFF94BF012090
:100D300000205DF808FB00BF4DF808EDFFF7C4FF89
:100D400034BF012000205DF808FB00BF4FEA410CD2
:100D50007FEA6C5C02D150EA013C0AD14FEA430CB5
:100D60007FEA6C5C02D152EA033C02D14FF00000F2
:100D700070474FF0010070474FEA410212F5001230
:100D800015D211D56FF47873B3EB625212D94FEAD2
:100D9000C12343F0004343EA505311F0004F23FABC
:100DA00002F018BF404270474FF00000704750EA11
:100DB000013005D111F0004008BF6FF000407047CE
:100DC0004FF00000704700BF0348044B834202D03D
:100DD000034B03B118477047E4060020E4060020E7
:100DE000000000000548064B1B1AD90F01EBA301B8
:100DF000491002D0034B03B118477047E4060020A6
:100E0000E40600200000000010B5064C237843B92A
:100E1000FFF7DAFF044B13B10448AFF3008001235E
:100E2000237010BDE80600200000000088C0000804
:100E300008B5054B1BB105490548AFF30080BDE877
:100E40000840FFF7CFBF00BF00000000EC06002005
:100E500088C0000808B50D480D4B036003234360AC
:100E600000238360C3604FF4102202614FF400122C
:100E70004261037643768376C3760377437701F046
:100E800033F800B908BD00F047FAFBE7300700204F
:100E90000064004008B50D480D4B03600323436018
:100EA00000238360C3604FF4102202614FF40012EC
:100EB0004261037643768376C3760377437701F006
:100EC00013F800B908BD00F027FAFBE70807002077
:100ED0000068004010B58AB000230593069307937D
:100EE000089309930368454A934204D0444A9342C5
:100EF0003CD00AB010BD434A136801331360012B84
:100F000027D000240194404B1A6B42F008021A6368
:100F10001B6B03F008030193019B0323059302223B
:100F2000069208930923099305A9384801F03CFE6D
:100F300022460521142001F00BFC142001F018FCBE
:100F400022460521152001F003FC152001F010FCBC
:100F5000CFE7002300932C4B1A6C42F000721A6406
:100F60001B6C03F000730093009BCAE700230293FD
:100F7000254B1A6C42F080621A641B6C03F080638C
:100F80000293029B1F4A136801331360012B28D080
:100F9000002404941C4B1A6B42F002021A631B6B70
:100FA00003F002030493049B60230593022306933A
:100FB000032308930923099305A9154801F0F4FDBB
:100FC00022460521402001F0C3FB402001F0D0FB68
:100FD00022460521412001F0BBFB412001F0C8FB66
:100FE00087E700230393084B1A6C42F000721A64DF
:100FF0001B6C03F000730393039BC9E7006400407C
:10100000006800400407002000380240000C024045
:101010000004024010B582B0002400941E4B1A6BED
:1010200042F480021A631A6B02F480020092009A62
:1010300001941A6B42F400121A631B6B03F4001341
:101040000193019B224605210C2001F081FB0C201D
:1010500001F08EFB22460521392001F079FB392071
:1010600001F086FB224605213A2001F071FB3A206F
:1010700001F07EFB22460521452001F069FB452059
:1010800001F076FB22460521462001F061FB462057
:1010900001F06EFB02B010BD0038024008B501201F
:1010A00003F020FAFBE70000034B0360034B0B60E7
:1010B00080231360704700BF5809002058070020A4
:1010C00010B5AAB0364C0DF18C0CA646BEE80F0048
:1010D000ACE80F009EE807008CE80700002123A879
:1010E00003F0CDF92F4B18600DF1700C04F11C0EBC
:1010F000BEE80F00ACE80F009EE807008CE8070090
:1011000000211CA803F0BBF9274B18600DF1540C0B
:1011100004F1380EBEE80F00ACE80F009EE80700AF
:101120008CE80700002115A803F0A9F91F4B1860EF
:101130000DF1380C04F1540EBEE80F00ACE80F00BE
:101140009EE807008CE8070000210EA803F097F93D
:10115000174B18600DF11C0C04F1700EBEE80F0067
:10116000ACE80F009EE807008CE80700002107A804
:1011700003F085F90F4B1860EE4604F18C0CBCE8C7
:101180000F00AEE80F009CE807008EE80700002182
:10119000684603F074F9084B18602AB010BD00BF10
:1011A000A0C00008040B0020000B0020FC0A002057
:1011B000F80A0020F40A0020F00A00202DE9F0418E
:1011C0008EB0002409940A940B940C940D9401940D
:1011D000464B1A6B42F002021A631A6B02F00202CB
:1011E0000192019A02941A6B42F040021A631A6B40
:1011F00002F040020292029A03941A6B42F001023A
:101200001A631A6B02F001020392039A04941A6B98
:1012100042F008021A631A6B02F008020492049A60
:1012200005941A6B42F004021A631A6B02F004026E
:101230000592059A06941A6B42F480721A631A6B2F
:1012400002F480720692069A07941A6B42F08002AA
:101250001A631A6B02F080020792079A08941A6BBD
:1012600042F010021A631B6B03F010030893089BF3
:10127000DFF8888022464FF4E051404601F08AFDB5
:101280001B4F01221021384601F084FD194E012226
:101290001146304601F07EFD4FF4E05309930125DD
:1012A0000A950B940C9409A9404601F07DFC10238B
:1012B00009930A950B9502240C9409A9384601F06C
:1012C00073FC302309934FF488130A930B9509A9F3
:1012D000094801F069FC09950A950B950C9409A938
:1012E000304601F061FC0EB0BDE8F08100380240EC
:1012F000000002400004024000080240001C0240BE
:1013000008B50268034B9A4200D008BD00F0DAFD30
:10131000FBE700BF0014004072B6FEE700B595B0D1
:101320003022002108A804F0EBFF0023039304936C
:101330000593069307930193204A116C41F0805165
:101340001164126C02F080520192019A02931C4BBC
:101350001A6842F480421A601B6803F480430293C7
:10136000029B012308934FF48033099302230E93C9
:101370004FF480020F9206221092A822119212932B
:101380000423139308A801F015FD98B90F230393C4
:1013900002230493002305934FF4A05306934FF4C4
:1013A00080530793052103A801F054FF20B915B01D
:1013B0005DF804FBFFF7B0FFFFF7AEFF0038024017
:1013C0000070004008B500F063FDFFF7A7FFFFF7CE
:1013D000F5FEFFF71FFE00F0ADFB00F08DFBFFF701
:1013E00039FDFFF757FD00F06DFB00F051FA00F0FA
:1013F000E1FA00F011F804F01FFC04F027FC054BA3
:10140000186004F003F904F057F8FFF759FE03F0F1
:1014100031F8FEE7400B002008B50F480F4B036082
:101420004FF48273436000238360C3600222026131
:10143000012242614FF4007282613822C26103626C
:10144000436283620A23C36201F0F8FF00B908BD5A
:10145000FFF762FFFBE700BF440B002000300140B4
:10146000F0B589B000230393049305930693079383
:1014700002681E4B9A4201D009B0F0BD00240094CE
:1014800003F584335A6C42F480525A645A6C02F465
:1014900080520092009A01941A6B42F002021A6381
:1014A0001A6B02F002020192019A02941A6B42F046
:1014B00001021A631B6B03F001030293029B1823C2
:1014C000039302270497032606960525079503A98B
:1014D000074801F069FB802303930497059406965F
:1014E000079503A9034801F05FFBC5E70030014001
:1014F000000402400000024000B583B000220092C8
:101500000D4B596C41F480415964596C01F4804190
:10151000009100990192196C41F0805119641B6C83
:1015200003F080530193019B0F216FF0010001F044
:101530000FF903B05DF804FB0038024030B589B004
:10154000044600230193214B1A6C42F020021A64D6
:101550001B6C03F020030193019B02A903A801F077
:101560004FFF069BCBB901F02BFF0346184AA2FBA5
:1015700003239B0C013B1748174A026040F2E732F5
:10158000C2604360002303618360836102F0E2F97B
:10159000054630B1284609B030BD01F011FF4300C7
:1015A000E4E70C4802F072F805460028F2D1372033
:1015B00001F0DEF80F2C01D90125EBE700222146CE
:1015C000372001F0C5F8054B1C60E3E70038024006
:1015D00083DE1B439C0B0020001400400800002009
:1015E000FEE7FEE7FEE7FEE7FEE7704708B50248C4
:1015F00001F0ECF908BD00BF380D002008B5024825
:1016000000F02AFF08BD00BF3007002008B50248DF
:1016100000F022FF08BD00BF3007002008B50248D7
:1016200002F0E0FD08BD00BFE80E002008B502484A
:1016300002F075F808BD00BF9C0B002008B50248F9
:1016400001F0C4F908BD00BF780C002008B50248BD
:1016500001F0BCF908BD00BFF80D002008B5024834
:1016600000F0FAFE08BD00BF0807002008B50248D8
:1016700000F0F2FE08BD00BF0807002008B50248D0
:1016800001F0A4F908BD00BFD80C002008B502483D
:1016900001F09CF908BD00BF980D002008B5024874
:1016A00002F0A0FD08BD00BF580E002001207047C9
:1016B00008B504F001FF162303604FF0FF3008BDAA
:1016C00008B54FF0FF31FFF7F3FFFEE770B50C46AA
:1016D0001646002506E0AFF30080214601F8010B15
:1016E00001350C46B542F6DB304670BD70B50C4690
:1016F0001646002504E014F8010BAFF30080013515
:10170000B542F8DB304670BD4FF0FF3070474FF404
:1017100000534B6000207047012070470020704745
:1017200010B503460C4A0D490D48006840B10C48FD
:1017300000680344521A934206D8094A136010BD48
:101740000748084C0460F2E704F0B6FE0C2303607F
:101750004FF0FF30F3E700BF00000220000400005C
:10176000E40B002078510020034AD2F8883043F47B
:101770007003C2F88830704700ED00E082B0036863
:10178000104A934204D0104A93420ED002B07047E0
:10179000002300930D4B5A6C42F001025A645B6CBB
:1017A00003F001030093009BF0E700230193074B34
:1017B0005A6C42F002025A645B6C03F0020301931C
:1017C000019BE3E7000001400004014000380240B3
:1017D00070B588B000230393049305930693079391
:1017E0000368254A934204D0244A934219D008B092
:1017F00070BD00230093224B1A6B42F010021A6353
:101800001B6B03F010030093009B4FF4D44303932E
:10181000022304930123079303A91A4801F0C4F992
:10182000E5E700240194164B1A6B42F480721A63A8
:101830001A6B02F480720192019A02941A6B42F0C0
:1018400004021A631B6B03F004030293029BC02380
:101850000393022604960325079503A90A4801F07D
:10186000A3F940230393049605940694079503A9CE
:10187000064801F099F9BAE7000001400004014070
:1018800000380240001002400020024000080240E0
:1018900010B596B0002412941394149415941094D7
:1018A000119409940A940B940C940D940E940F9433
:1018B0002022214601A804F023FD3C483C4B036054
:1018C000A7234360846044F61F63C36004614461DE
:1018D000846102F03FF800284DD14FF480531293F9
:1018E00012A9324802F041F9002847D12F4802F0EE
:1018F0005DF8002845D100231093119310A92B48BF
:1019000002F0B2F900283FD1602309934FF4FA6343
:101910000A9300220B920C920D920E920F9209A93B
:10192000224802F0A7F8002831D1042209A91F4853
:1019300002F0A0F870BB082209A91C4802F09AF82E
:1019400058BB0C2209A9194802F094F840BB0023A7
:10195000019302930393049305934FF4005206926C
:10196000089301A9114802F0C5F9E0B90F48FFF743
:101970002FFF16B010BDFFF7CFFCAEE7FFF7CCFC92
:10198000B4E7FFF7C9FCB6E7FFF7C6FCBCE7FFF713
:10199000C3FCCAE7FFF7C0FCCDE7FFF7BDFCD0E70B
:1019A000FFF7BAFCD3E7FFF7B7FCDFE7300C002006
:1019B0000000014010B596B00024129413941494C2
:1019C00015941094119409940A940B940C940D940A
:1019D0000E940F942022214601A804F091FC374870
:1019E000374B0360A7234360846044F61F63C360E2
:1019F00004614461846101F0ADFF002846D14FF4D9
:101A00008053129312A92D4802F0AFF8002840D15C
:101A10002A4801F0CBFF00283ED1002310931193F8
:101A200010A9264802F020F9002838D16023099334
:101A30004FF4FA630A9300220B920C920D920E92CD
:101A40000F9209A91D4802F015F858BB042209A9F4
:101A50001A4802F00FF840BB082209A9174802F003
:101A600009F828BB00230193029303930493059381
:101A70004FF400520692089301A9104802F03AF977
:101A8000C8B90E48FFF7A4FE16B010BDFFF744FC1E
:101A9000B5E7FFF741FCBBE7FFF73EFCBDE7FFF70B
:101AA0003BFCC3E7FFF738FCD0E7FFF735FCD3E793
:101AB000FFF732FCD6E7FFF72FFCE2E7E80B002048
:101AC0000004014008B50A480A4B03604FF4E133B3
:101AD000436000238360C36003610C224261836121
:101AE000C36102F05CFA00B908BDFFF715FCFBE723
:101AF000E80E00200010014008B50B480B4B0360B6
:101B00000B4B436000238360C3604FF4806202612B
:101B1000042242618361C36102F041FA00B908BD49
:101B2000FFF7FAFBFBE700BFA00E002000480040D3
:101B3000A086010008B50A480A4B03604FF4E13360
:101B4000436000238360C36003610C2242618361B0
:101B5000C36102F024FA00B908BDFFF7DDFBFBE723
:101B6000580E0020001401402DE9F0418CB00446CD
:101B700000230793089309930A930B9303689D4AE4
:101B800093420AD09C4A934200F082809B4A93423F
:101B900000F0C7800CB0BDE8F08100250095984B9F
:101BA0005A6C42F010025A645A6C02F01002009211
:101BB000009A01951A6B42F002021A631A6B02F046
:101BC00002020192019A02951A6B42F001021A6315
:101BD0001B6B03F001030293029B802307934FF0DA
:101BE0000208CDF8208003270A9707260B9607A93D
:101BF000844800F0D9FF4FF400730793CDF820809C
:101C000009950A970B9607A97F4800F0CDFF7F48FA
:101C10007F4B03604FF0006343608560C5604FF405
:101C20008063036145618561C5614FF400330362E0
:101C3000456200F007FE28BB744BE3639C63754864
:101C4000754B03604FF000634360402383600023C3
:101C5000C3604FF48062026143618361C3614FF4EA
:101C600000320262436200F0EDFD70B9694BA3637C
:101C70009C6300220521252000F06AFD252000F04C
:101C800077FD87E7FFF748FBD6E7FFF745FBEDE772
:101C9000002503955A4B1A6C42F480221A641A6C80
:101CA00002F480220392039A04951A6B42F0040214
:101CB0001A631B6B03F004030493049B4FF440630B
:101CC00007930223089303230A9307230B9307A97F
:101CD000524800F069FF5248524B03604FF00063D6
:101CE00043608560C5604FF4806303614561856131
:101CF0004FF48073C3614FF400330362456200F018
:101D0000A1FD58B9464BE3639C63002205212720BF
:101D100000F01EFD272000F02BFD3BE7FFF7FCFA4B
:101D2000F0E700250595364B5A6C42F020025A64C4
:101D30005A6C02F020020592059A06951A6B42F041
:101D400040021A631B6B03F040030693069B4FF49B
:101D5000844307930223089303230A9308230B93D6
:101D600007A9314800F020FF3048314B03604FF0A5
:101D70002063436040238360C5604FF48063036148
:101D8000456185614FF48073C3614FF48033036212
:101D9000456200F057FD30BB244BA3639C6325488C
:101DA000254B03604FF02063436000238360C360D2
:101DB0004FF480620261436183614FF48072C261BB
:101DC0004FF480320262436200F03CFD70B9194B5F
:101DD000E3639C6300220521472000F0B9FC472003
:101DE00000F0C6FCD6E6FFF797FAD5E7FFF794FABE
:101DF000EDE700BF00100140004800400014014022
:101E0000003802400004024000000240F80D0020AB
:101E100040640240980D0020B8640240000802406F
:101E2000380D00202860024000180240D80C002025
:101E3000A0640240780C002028640240DFF834D00F
:101E4000FFF792FC0C480D490D4A002302E0D458DC
:101E5000C4500433C4188C42F9D30A4A0A4C0023F4
:101E600001E013600432A242FBD304F02BFBFFF726
:101E7000A9FA70470000022000000020E4060020BC
:101E8000D0C50008E806002078510020FEE70000D9
:101E900008B50B4B1A6842F400721A601A6842F4D3
:101EA00080621A601A6842F480721A60032000F09F
:101EB0003DFC0F20FFF742FBFFF71EFB002008BD93
:101EC000003C0240034A1168034B1B780B4413602B
:101ED000704700BF300F002004000020014B18683D
:101EE000704700BF300F0020002800F0A18038B5F7
:101EF000044690F82030D3B12268136843F0010300
:101F00001360FFF7EBFF054623685A6812F0010FD4
:101F100010D1FFF7E3FF401B0A28F5D9636A43F4A9
:101F200000336362052384F82030012038BDFEF7BA
:101F3000D1FFE1E71A6822F002021A60FFF7CEFF34
:101F4000054623685A6812F0020F0DD0FFF7C6FF4E
:101F5000401B0A28F5D9636A43F400336362052302
:101F600084F820300120E1E7227E012A3DD01A6862
:101F700022F080021A60637E012B3BD02268136836
:101F800023F040031360A37E012B39D0226813682D
:101F900023F020031360E37E012B37D022681368FF
:101FA00043F010031360237F012B35D022681368A0
:101FB00023F008031360637F012B33D0226813687A
:101FC00023F004031360A368E268134322691343F8
:101FD000626913436268013A21681343CB610020B0
:101FE0006062012384F82030A0E71A6842F0800282
:101FF0001A60C0E72268136843F040031360C2E729
:102000002268136843F020031360C4E72268136852
:1020100023F010031360C6E72268136843F0080337
:102020001360C8E72268136843F004031360CAE72B
:102030000120704790F82030013BDBB2012B05D91D
:10204000436A43F4802343620120704730B5464B16
:10205000D3F8002242F00102C3F80022D3F8002294
:1020600022F47C52C3F80022D3F80022486A42EAE4
:102070000022C3F800224A6902F01F02012000FA80
:1020800002F2D3F81C026FEA020C20EA0200C3F845
:102090001C02CB69C3B9344BD3F80C020CEA000024
:1020A000C3F80C028C884869CD6844EA054448307E
:1020B00043F830408C68088840EA04404C6904F1D9
:1020C000480E03EBCE035860CB69012B1ED08B6901
:1020D000002B33D12448D0F804320CEA0303C0F8B3
:1020E00004320B698BBB2048D0F814320CEA03038E
:1020F000C0F814320B6A012B2ED01B4AD2F80032E2
:1021000023F00103C2F80032002030BD164BD3F893
:102110000C021043C3F80C028C8848690D6844EA2D
:102120000544483043F8304088894C698D6840EA5E
:102130000540483403EBC4035860C8E70A48D0F8A8
:1021400004321343C0F80432CBE70748D0F8143206
:102150001343C0F81432CDE70349D1F81C321343BE
:10216000C1F81C32C9E700BF0064004070B50446E6
:1021700090F82050EDB2012D06D0436A43F40023BD
:1021800043620125284670BD022380F82030026892
:10219000136823F001031360FFF7A0FE06462368CF
:1021A0005B6813F0010F0CD0FFF798FE831B0A2B1E
:1021B000F5D9636A43F400336362052384F8203061
:1021C000E0E700256562DDE730B590F820C00468DF
:1021D000A4680CF1FF3C5FFA8CFCBCF1010F62D8E3
:1021E00014F0E05F59D0C4F3016C012404FA0CF43C
:1021F0001C608B68002B3DD10D68CB68046843EAF6
:1022000045550CF118031B01E55003680C690CF1EE
:10221000180E03EB0E135C600B7D012B35D0D179CA
:1022200093791B0443EA0163517943EA012314794A
:102230000168234301EB0C11C1F88C31D1789378FC
:102240001B0443EA0163517843EA012311780268D1
:102250000B4302EB0C12C2F8883102680CF1180C27
:102260004FEA0C1C52F80C3043F0010342F80C30DA
:1022700000201DE04C6843EAC403CC6823430CF102
:102280001804240105682B51BFE7036803EB0E1304
:10229000596841F480715960C1E7436A43F40013FF
:1022A0004362012004E0436A43F480234362012037
:1022B00030BD90F820C00CF1FF3C5FFA8CFCBCF103
:1022C000010F00F2A58030B451B90468E46814F03D
:1022D000030F10D1436A43F40013436201207EE0F0
:1022E0000468246914F0030F05D1436A43F4001312
:1022F0004362012073E0056801F11B0424012C599D
:1023000004F004049460002C6BD1056801F11B04F7
:1023100024012C59640D1460046801F11B0C4FEA70
:102320000C1C54F80C4004F00204D4600468A4446B
:10233000DCF8045015F0080F5BD008241461046821
:1023400001F11B0C04EB0C146468C4F307249461C2
:10235000046804EB0C146468240C5461026802EBFA
:102360000112D2F8B8211A70026802EB0112D2F8F9
:10237000B821C2F307225A70026802EB0112D2F8A8
:10238000B821C2F307429A70026802EB0112D2F838
:10239000B821120EDA70026802EB0112D2F8BC21E9
:1023A0001A71026802EB0112D2F8BC21C2F30722B3
:1023B0005A71026802EB0112D2F8BC21C2F3074243
:1023C0009A71026802EB0112D2F8BC21120EDA7186
:1023D000C1B90268D36843F02003D360002030BC49
:1023E0007047056801F11B0424012C59E40854606E
:1023F00092E701F11B0504EB0514646804F00F0477
:1024000014619CE70268136943F020031361E5E758
:10241000436A43F4802343620120704790F82030E0
:10242000013BDBB2012B05D9436A43F480234362AD
:1024300001207047026853690B43536100207047C5
:1024400070477047704770477047704770477047D4
:1024500070477047704770472DE9F84F054603688D
:102460005C69D3F804809F68D3F80CA0D3F810906F
:10247000D3F818B014F001063BD017F0010616D0BF
:1024800001229A6017F0020F08D117F0040F0CD147
:1024900017F0080606D04FF4805608E0FFF7D0FF8B
:1024A000002604E0FFF7CFFF01E04FF4006617F4C9
:1024B000807F0DD02B684FF480729A6017F4007FF4
:1024C00040F0968017F4806F00F0968046F4005636
:1024D00017F4803F0DD02B684FF480329A6017F4C8
:1024E000003F40F0938017F4802F00F0938046F473
:1024F000004614F0080F07D01AF0100F04D046F46D
:1025000000762B681022DA6014F0040F03D01AF062
:10251000080F40F0898014F0020F05D02B68DB68AB
:1025200013F0030F40F0878014F0400F07D019F02C
:10253000100F04D046F480662B6810221A6114F044
:10254000200F02D019F0080F79D114F0100F04D029
:102550002B681B6913F0030F78D114F4003F02D0ED
:1025600018F0100F76D114F4803F02D018F0080F45
:1025700077D114F4004F37D018F0040F31D014F491
:10258000807F04D01BF0010F01D046F0010614F447
:10259000007F04D01BF0020F01D046F0020614F4B5
:1025A000806F04D01BF0040F01D046F0040614F431
:1025B000006F16D01BF0700B13D0BBF1400F66D02C
:1025C00056D8BBF1200F5CD0BBF1300F5CD0BBF113
:1025D000100F01D146F008062A68936923F07003B2
:1025E00093612B6804225A60002E56D1BDE8F88F03
:1025F0002846FFF726FF6BE717F4006F02D046F47A
:10260000804665E72846FFF71FFF61E72846FFF78A
:1026100019FF6EE717F4002F02D046F4803668E702
:102620002846FFF712FF64E72B680822DA60284685
:10263000FFF70CFF6FE7284602F052FE74E72B68A5
:1026400008221A612846FFF703FF7EE72846FFF7B6
:10265000FEFE82E72B6810225A602846FFF7F9FE3B
:1026600081E72B6808225A602846FFF7F3FE80E7CF
:10267000BBF1500F0ED0BBF1600FADD146F48076A8
:10268000AAE746F01006A7E746F02006A4E746F0C2
:102690004006A1E746F080069EE76B6A33436B6213
:1026A0002846FFF7D8FEA1E7002807DB00F01F024D
:1026B000400901239340024A42F82030704700BF8E
:1026C00000E100E0002808DB0901C9B200F1604028
:1026D00000F5614080F80013704700F00F00090119
:1026E000C9B2014B1954704714ED00E000B500F079
:1026F0000700C0F1070CBCF1040F28BF4FF0040C19
:10270000031D062B0FD9C31E4FF0FF3E0EFA0CF02F
:1027100021EA000199400EFA03FE22EA0E0241EA84
:1027200002005DF804FB0023EEE70000074AD368CF
:1027300023F4E0631B041B0C000200F4E06003437D
:1027400043F0BF6343F40033D360704700ED00E013
:1027500010B50446054BD868C0F30220FFF7C6FF4A
:1027600001462046FFF7AEFF10BD00BF00ED00E0C0
:1027700008B5FFF799FF08BD10B40368D9B2103946
:102780000A4AA2FB01421209094CA25CC2655F29F8
:1027900007D96FF3090304338365806D5DF8044B3B
:1027A00070476FF309038365F7E700BFABAAAAAAD6
:1027B00070C30008836A826992B9012B0AD0022B88
:1027C00002D00BB100207047C36A13F0807F28D17C
:1027D00000207047C36AB3F1C07F24D00020704747
:1027E000B2F5005F09D0022B25D9032B25D1C36A8E
:1027F00013F0807F23D100207047032B03D8DFE83C
:1028000003F01404140A00207047C36A13F0807F99
:102810000DD100207047C36AB3F1C07F09D00020FA
:102820007047012070470120704701207047012048
:102830007047012070470120704700207047012039
:102840007047000070B50446FFF748FB002C5BD0D2
:102850000546022384F83530002384F8343022689A
:10286000136823F00103136023681A6812F0010F44
:102870000AD0FFF733FB431B052BF5D920236365F3
:10288000032084F8350070BD1A6820491140626841
:10289000A0680243E0680243206902436069024382
:1028A000A0690243E0690243206A02430A43616A65
:1028B00004291ED01A602668756925F00705636A29
:1028C0001D43042B07D1A36A1D43E36A1BB12046B5
:1028D000FFF770FF90B975612046FFF74DFFE26D7D
:1028E0003F239340836000206065012384F83530E6
:1028F000C9E7E16A206B01430A43DBE740236365D4
:10290000012084F83500BEE70120BCE73F8010F0CD
:1029100070B50446866DFFF7E1FA94F83530DBB206
:10292000022B06D080236365002384F83430012015
:1029300070BD05462268136823F0160313602268F1
:10294000536923F080035361236CE3B12268136859
:1029500023F0080313602268136823F00103136057
:1029600023681B6813F0010F11D0FFF7B7FA431B60
:10297000052BF5D920236365032084F83500002357
:1029800084F83430D4E7A36C002BDFD1E3E7E26DA9
:102990003F239340B360012384F83530002084F84E
:1029A0003400C5E790F83530DBB2022B03D080232A
:1029B000436501207047052380F8353002681368AD
:1029C00023F001031360002070470000F0B583B0CE
:1029D000044600230193724B1D68724BA3FB05351F
:1029E000AD0A876D3E68C26D08239340334210D014
:1029F00003681A6812F0040F0BD01A6822F0040260
:102A00001A60C26D08239340BB60436D43F001031D
:102A10004365E26D01239340334209D02268526935
:102A200012F0800F04D0BB60636D43F00203636556
:102A3000E26D04239340334209D02268126812F0F9
:102A4000020F04D0BB60636D43F004036365E26D65
:102A500010239340334224D02268126812F0080FEA
:102A60001FD0BB6023681A6812F4802F0DD01B683A
:102A700013F4002F04D1236C9BB12046984710E03B
:102A8000A36C73B1204698470BE01A6812F4807F5C
:102A900003D11A6822F008021A60236C0BB1204699
:102AA0009847E26D20239340334255D02268126844
:102AB00012F0100F50D0BB6094F83530DBB2052B0C
:102AC0000ED023681A6812F4802F33D01B6813F4D9
:102AD000002F2AD1636C002B3ED0204698473BE064
:102AE0002268136823F0160313602268536923F0E9
:102AF00080035361236CA3B12268136823F0080399
:102B00001360E26D3F239340BB60012384F83530AE
:102B1000002384F83430236D002B3FD020469847A3
:102B20003CE0A36C002BE7D1EBE7E36BA3B12046BD
:102B3000984711E01A6812F4807F09D11A6822F0D0
:102B400010021A60012384F83530002384F83430F1
:102B5000E36B0BB120469847636DFBB1636D13F0D7
:102B6000010F17D0052384F835302268136823F04D
:102B700001031360019B01330193AB4204D8236826
:102B80001B6813F0010FF5D1012384F835300023C1
:102B900084F83430E36C0BB12046984703B0F0BDA5
:102BA00000000020B5814E1B00230F2B00F2E980AE
:102BB00070B582B065E085684FEA430E032404FADD
:102BC0000EF425EA0405CC6804FA0EF42C43846064
:102BD000446824EA02044A68C2F300129A4022437D
:102BE00042605CE0DC08083450F8242003F007055C
:102BF000AD004FF00F0E0EFA05FE22EA0E0E0A6926
:102C0000AA4042EA0E0240F824205CE0072200E0DD
:102C1000002202FA0EF22A4302345A4D45F82420CB
:102C2000594A94686FEA0C0224EA0C054E6816F4BF
:102C3000801F01D04CEA0405534CA560E46802EA09
:102C400004054E6816F4001F01D04CEA04054E4CF2
:102C5000E560646802EA04054E6816F4003F01D09E
:102C60004CEA0405484C6560246822404D6815F420
:102C7000803F01D04CEA0402434C226001330F2B09
:102C80007DD801229A400C6804EA020C32EA04045E
:102C9000F4D14C6804F00304013C012C8BD94A6840
:102CA00002F00302032A09D0C4685D000322AA408F
:102CB00024EA02048A68AA402243C2604A6802F0F9
:102CC0000302022A8ED004684FEA430E032202FA5E
:102CD0000EF224EA02044A6802F0030202FA0EF23B
:102CE000224302604A6812F4403FC7D0002201929A
:102CF000264A546C44F480445464526C02F480427A
:102D00000192019A9C08A51C1E4A52F8255003F016
:102D1000030E4FEA8E0E0F2202FA0EF225EA02058A
:102D20001B4A90423FF474AF02F5806290421AD081
:102D300002F58062904218D002F58062904216D06F
:102D400002F58062904214D002F58062904212D067
:102D500002F58062904210D002F5806290423FF40A
:102D600055AF082255E7012253E7022251E703221B
:102D70004FE704224DE705224BE7062249E702B060
:102D800070BD704700380140003C014000380240EF
:102D9000000002400AB181617047090481617047F7
:102DA000436901EA030221EA030141EA0241816128
:102DB00070470000002800F0E08170B582B0044642
:102DC000036813F0010F3BD09F4B9B6803F00C038B
:102DD000042B2CD09C4B9B6803F00C03082B21D0B8
:102DE0006368B3F5803F4FD0B3F5A02F52D0964B18
:102DF0001A6822F480321A601A6822F480221A605B
:102E00006368002B50D0FFF769F805468E4B1B68AE
:102E100013F4003F14D1FFF761F8401B6428F5D983
:102E20000320B1E1884B5B6813F4800FD8D0864B48
:102E30001B6813F4003F03D06368002B00F09F81F0
:102E4000236813F0020F54D07F4B9B6813F00C0FD4
:102E50003ED07D4B9B6803F00C03082B33D0E36816
:102E6000002B68D0794B01221A60FFF737F805462E
:102E7000754B1B6813F0020F54D1FFF72FF8401B5E
:102E80000228F5D903207FE16F4A136843F48033A9
:102E90001360B5E76C4B1A6842F480221A601A6816
:102EA00042F480321A60ABE7FFF718F80546664B2C
:102EB0001B6813F4003FC3D0FFF710F8401B6428D1
:102EC000F5D9032060E1604B5B6813F4800FC6D135
:102ED0005D4B1B6813F0020F03D0E368012B40F039
:102EE0005081594A136823F0F803216943EAC1036A
:102EF0001360236813F0080F42D063696BB3534B20
:102F00000122C3F8802EFEF7E9FF05464E4B5B6FAA
:102F100013F0020F34D1FEF7E1FF401B0228F5D970
:102F2000032031E1484A136823F0F803216943EA9A
:102F3000C1031360DDE7454B00221A60FEF7CEFFA8
:102F40000546414B1B6813F0020FD2D0FEF7C6FFB7
:102F5000401B0228F5D9032016E13C4B0022C3F8A0
:102F6000802EFEF7BBFF0546374B5B6F13F0020F59
:102F700006D0FEF7B3FF401B0228F5D9032003E17A
:102F8000236813F0040F77D02F4B1B6C13F0805F76
:102F900033D1002301932C4B1A6C42F080521A64F7
:102FA0001B6C03F080530193019B0125284B1B6888
:102FB00013F4807F23D0A368012B34D0052B38D0A5
:102FC000214B1A6F22F001021A671A6F22F00402D5
:102FD0001A67A368002B3DD0FEF780FF06461A4B08
:102FE0001B6F13F0020F46D1FEF778FF801B41F2F2
:102FF00088339842F3D90320C6E00025D6E7144A67
:10300000136843F480731360FEF768FF0646104BA5
:103010001B6813F4807FCED1FEF760FF801B02286F
:10302000F5D90320B0E0084A136F43F0010313679A
:10303000CFE7054B1A6F42F004021A671A6F42F08D
:1030400001021A67C5E700BF00380240000047428E
:1030500000700040FEF742FF0646524B1B6F13F014
:10306000020F08D0FEF73AFF801B41F288339842E6
:10307000F3D9032088E0EDB9A369002B00F0838029
:10308000484A926802F00C02082A51D0022B17D04D
:10309000454B00221A66FEF721FF0446414B1B6890
:1030A00013F0007F42D0FEF719FF001B0228F5D96C
:1030B000032069E03B4A136C23F080531364DBE781
:1030C000394B00221A66FEF709FF0546354B1B688F
:1030D00013F0007F06D0FEF701FF401B0228F5D950
:1030E000032051E0E369226A1343626A43EA8213D0
:1030F000A26A5208013A43EA0243E26A43EA0263DF
:10310000284A5360284B01221A66FEF7E7FE044660
:10311000244B1B6813F0007F06D1FEF7DFFE001B77
:103120000228F5D903202FE000202DE000202BE01D
:10313000012B2BD01B4B5B6803F48001E2699142A9
:1031400026D103F03F02216A8A4223D1616A47F601
:10315000C0721A40B2EB811F1ED103F44031A26A43
:103160005208013AB1EB024F18D103F07063E26AE2
:10317000B3EB026F14D1002006E00120704701205C
:1031800002E0012000E0002002B070BD0120FBE75A
:103190000120F9E70120F7E70120F5E70120F3E737
:1031A0000120F1E7003802400000474208B5264BF5
:1031B0009B6803F00C03042B41D0082B41D1224B18
:1031C0005A6802F03F025B6813F4800F12D01E4B66
:1031D0005968C1F388111D480023A1FB0001FDF7C8
:1031E000ABF9194B5B68C3F3014301335B00B0FBE0
:1031F000F3F008BD144B5868C0F388104FEA401C28
:10320000BCEB000C6EEB0E0E4FEA8E1343EA9C6390
:103210004FEA8C11B1EB0C0163EB0E03DB0043EAC8
:103220005173C90011EB000C43F100039902002314
:103230004FEA8C2041EA9C51FDF77EF9D1E7034823
:10324000D7E70348D5E700BF00380240001BB700AE
:103250000024F400002800F09B8070B50D46044661
:103260004F4B1B6803F007038B4208D2CBB24C4A8A
:103270001370136803F007038B4240F08B802368C0
:1032800013F0020F17D013F0040F04D0454A9368CF
:1032900043F4E0539360236813F0080F04D0414ACD
:1032A000936843F4604393603E4A936823F0F003CD
:1032B000A1680B439360236813F0010F32D0636859
:1032C000012B21D09A1E012A25D9364A126812F004
:1032D000020F61D033498A6822F0030213438B60E6
:1032E000FEF7FCFD06462F4B9B6803F00C0362685B
:1032F000B3EB820F16D0FEF7F1FD801B41F288334D
:103300009842F0D9032042E0264A126812F4003FA6
:10331000E0D101203BE0234A126812F0007FD9D1AE
:10332000012034E01E4B1B6803F00703AB4207D9B2
:10333000EAB21B4B1A701B6803F00703AB422DD196
:10334000236813F0040F06D0164A936823F4E05361
:10335000E1680B439360236813F0080F07D0114A0C
:10336000936823F46043216943EAC1039360FFF744
:103370001DFF0C4B9B68C3F303130B4AD35CD8406F
:103380000A4B18600A4B1868FEF7D8F8002070BD89
:10339000012070470120FAE70120F8E70120F6E755
:1033A000003C02400038024060C3000800000020DA
:1033B00008000020014B1868704700BF0000002083
:1033C00008B5FFF7F7FF044B9B68C3F38223034A5A
:1033D000D35CD84008BD00BF0038024058C3000885
:1033E00008B5FFF7E7FF044B9B68C3F34233034A7A
:1033F000D35CD84008BD00BF0038024058C3000865
:103400000F2303600B4B9A6802F0030242609A6834
:1034100002F0F00282609A6802F4E052C2609B6897
:10342000DB0803F4E0530361034B1B6803F007035D
:103430000B60704700380240003C024000285AD020
:1034400010B50446436A33B94368B3F5827F05D0AB
:103450000023C36102E00023036143610023A362F0
:1034600094F85130002B40D0022384F85130226868
:10347000136823F040031360636803F48273A26847
:1034800002F404421343E26802F400621343226927
:1034900002F002021343626902F001021343A269BF
:1034A00002F400721343E26902F038021343226A05
:1034B00002F080021343A26A02F40052216813430F
:1034C0000B60638B03F00403626A02F01002216850
:1034D00013434B602268D36923F40063D361002057
:1034E0006065012384F8513010BD84F850302046C7
:1034F000FDF7B6FFB8E701207047000030B4036A5B
:10350000026A22F0010202624268846924F0730CAC
:103510000C6844EA0C0423F0020C8B6843EA0C03A9
:10352000114DA84203D005F58065A84205D123F0CE
:103530000803CD682B4323F004030B4DA84203D0AE
:1035400005F58065A84207D122F440724D6945EA2D
:10355000020C8A6942EA0C02426084614A68426352
:10356000036230BC704700BF0000014030B4036A02
:10357000026A22F4807202624268C46924F0730C09
:103580000C6844EA0C0523F400738C6843EA0423B6
:10359000114CA04203D004F58064A04206D123F46C
:1035A0000063CC6843EA042323F480630A4CA042FE
:1035B00003D004F58064A04207D122F440524C6944
:1035C00042EA04128C6942EA04124260C5614A6808
:1035D000C263036230BC70470000014030B4036A2C
:1035E000026A22F4805202624468C26922F4E6420E
:1035F0000D6842EA052223F400538D6843EA05333F
:10360000094DA84203D005F58065A84204D124F4F1
:1036100080444D6944EA85144460C2614A6802648A
:10362000036230BC704700BF0000014010B4036A61
:10363000046A24F001040462846924F0F00C4CEA6A
:10364000021223F00A030B43826103625DF8044B0C
:10365000704710B4036A046A24F010040462846999
:1036600024F4704C4CEA023223F0A00343EA011325
:10367000826103625DF8044B7047836823F0700336
:103680000B4343F0070383607047000090F83D3020
:10369000DBB2012B37D1022380F83D300268D368BA
:1036A00043F00103D3600368194A934220D0B3F179
:1036B000804F1DD0A2F57C42934219D002F5806262
:1036C000934215D002F58062934211D002F5784200
:1036D00093420DD002F57052934209D0A2F5943274
:1036E000934205D01A6842F001021A600020704728
:1036F0009A6802F00702062A07D01A6842F001020F
:103700001A6000207047012070470020704700BFFA
:10371000000001407047704770477047704770B5B0
:1037200004460368DE681D6915F0020F10D016F01C
:10373000020F0DD06FF002021A61012303770368B4
:103740009B6913F0030F5ED0FFF7E6FF002323779A
:1037500015F0040F12D016F0040F0FD023686FF08D
:1037600004021A610223237723689B6913F4407FC4
:103770004FD02046FFF7D0FF0023237715F0080F26
:1037800012D016F0080F0FD023686FF008021A61EC
:10379000042323772368DB6913F0030F40D020460E
:1037A000FFF7BAFF0023237715F0100F12D016F0A1
:1037B000100F0FD023686FF010021A6108232377CF
:1037C0002368DB6913F4407F31D02046FFF7A4FF64
:1037D0000023237715F0010F02D016F0010F2DD131
:1037E00015F0800F02D016F0800F2FD115F0400F8A
:1037F00002D016F0400F31D115F0200F02D016F094
:10380000200F33D170BDFFF786FF2046FFF785FFFD
:103810009CE72046FFF77FFF2046FFF77EFFABE7E0
:103820002046FFF778FF2046FFF777FFBAE72046EC
:10383000FFF771FF2046FFF770FFC9E723686FF0BD
:1038400001021A612046FDF75BFDC9E723686FF0AE
:1038500080021A61204600F077FAC7E723686FF00C
:1038600040021A612046FFF759FFC5E723686FF051
:1038700020021A61204600F066FAC3E70368344A62
:10388000904212D0B0F1804F0FD0A2F57C4290420E
:103890000BD002F58062904207D002F58062904220
:1038A00003D002F57842904203D123F070034A68B6
:1038B0001343274A90422AD0B0F1804F27D0A2F577
:1038C0007C42904223D002F5806290421FD002F5E4
:1038D000806290421BD002F57842904217D002F5E8
:1038E0007052904213D002F5806290420FD002F5E0
:1038F000806290420BD0A2F59832904207D002F538
:103900008062904203D002F58062904203D123F49A
:103910004073CA68134323F080034A69134303606A
:103920008B68C3620B688362094B984203D003F52E
:103930008063984201D10B690363012343610369EA
:1039400013F0010F03D0036923F0010303617047F3
:103950000000014040B310B5044690F83D30F3B18B
:10396000022384F83D30214651F8040BFFF786FF0F
:10397000012384F8463084F83E3084F83F3084F8E0
:10398000403084F8413084F8423084F8433084F881
:10399000443084F8453084F83D30002010BD80F874
:1039A0003C30FDF7EBFEDBE70120704740B310B57C
:1039B000044690F83D30F3B1022384F83D302146AF
:1039C00051F8040BFFF75AFF012384F8463084F8BE
:1039D0003E3084F83F3084F8403084F8413084F839
:1039E000423084F8433084F8443084F8453084F819
:1039F0003D30002010BD80F83C30FFF78BFEDBE748
:103A00000120704730B4036A026A22F01002026299
:103A10004468826922F4E6420D6842EA052223F0F6
:103A200020038D6843EA0513114DA84203D005F524
:103A30008065A84206D123F08003CD6843EA0513D0
:103A400023F040030A4DA84203D005F58065A84243
:103A500007D124F440644D6944EA85048D6944EA41
:103A60008504446082614A688263036230BC7047A7
:103A70000000014038B590F83C30012B66D0044678
:103A80000D46012380F83C300C2A5AD8DFE802F0BA
:103A9000075959591B595959305959594400006807
:103AA000FFF72CFD2268936943F0080393612268B5
:103AB000936923F0040393612268936929690B4396
:103AC000936100203EE00068FFF79CFF2268936945
:103AD00043F4006393612268936923F480639361E4
:103AE00022689369296943EA01239361002029E050
:103AF0000068FFF73BFD2268D36943F00803D361F8
:103B00002268D36923F00403D3612268D369296949
:103B10000B43D361002015E00068FFF75FFD2268CA
:103B2000D36943F40063D3612268D36923F48063CB
:103B3000D3612268D369296943EA0123D361002054
:103B400000E00120002384F83C3038BD0220FCE76F
:103B500010B4846824F47F4C42EA03220A4342EA08
:103B60000C0282605DF8044B704790F83C30012BEA
:103B700078D010B50446012380F83C30022380F849
:103B80003D300268936823F47F4323F0770393600A
:103B90000B68602B4CD023D8402B54D011D8202B4D
:103BA00003D00AD80BB1102B05D119462068FFF7B6
:103BB00064FD002028E0012026E0302BF5D0012014
:103BC00022E0502B0AD1CA6849680068FFF72EFD31
:103BD00050212068FFF751FD002015E0012013E07F
:103BE000B3F5805F3AD0B3F5005F14D0702B37D1B6
:103BF000CB684A6889680068FFF7AAFF2268936863
:103C000043F0770393600020012384F83D300023C4
:103C100084F83C3010BDCB684A6889680068FFF7BB
:103C200097FF2268936843F4804393600020EBE79A
:103C3000CA6849680068FFF70CFD60212068FFF73B
:103C40001CFD0020E0E7CA6849680068FFF7EEFC49
:103C500040212068FFF711FD0020D5E70020D3E7C1
:103C60000120D1E70220704790F83C20012A3DD086
:103C700010B40346012280F83C20022280F83D2047
:103C800002685068946820F0700C086840EA0C00E4
:103C900050601A68164882421AD0B2F1804F17D08D
:103CA000A0F57C40824213D000F5806082420FD0A4
:103CB00000F5806082420BD000F57840824207D048
:103CC00000F57050824203D0A0F59430824204D1B6
:103CD00024F08004496821439160012283F83D204B
:103CE000002083F83C005DF8044B704702207047C9
:103CF00000000140024690F83C30012B21D0012306
:103D000080F83C30CB6823F440738868034323F485
:103D100080634868034323F400630868034323F483
:103D200080530869034323F400534869034323F491
:103D30008043C9690B4311684B64002082F83C0042
:103D400070470220704770477047026802F10C0309
:103D500053E8003F23F490730C3242E8003100290D
:103D6000F3D1026802F1140353E8003F23F001038A
:103D7000143242E800310029F3D1036B012B05D046
:103D8000202380F84230002303637047026802F169
:103D90000C0353E8003F23F010030C3242E80031DB
:103DA0000029F3D1ECE790F84130DBB2212B01D0B0
:103DB000022070478368B3F5805F17D0036A5A1CEE
:103DC00002621A7803685A60C38C9BB2013B9BB2B3
:103DD000C3844BB90268D36823F08003D3600268C0
:103DE000D36843F04003D360002070470369002B81
:103DF000E4D1036A1B880268C3F308035360036AB3
:103E000002330362E0E7000010B50446026813695C
:103E100023F44053C1680B431361836802691A435A
:103E200043691A43C3691A430168CB6823F41643F4
:103E300023F00C031343CB600268536923F44073EF
:103E400081690B4353610368314A934206D002F5FE
:103E50008062934202D0FFF7B3FA01E0FFF7C0FAA5
:103E6000E369B3F5004F29D00021031849411B181D
:103E700041F10001C90041EA5371DB001818636881
:103E80004FEA83024FEA937341F10001FCF754FBC0
:103E9000204AA2FB00314909642303FB11031B01E3
:103EA0003233A2FB03235B0903F0F00202EB0112A1
:103EB00003F00F03216813448B6010BD0023021828
:103EC00043EB0301121841F10001C90041EA5271AC
:103ED000D200101841F10001626892185B41FCF7B2
:103EE0002BFB0C4AA2FB00314909642303FB11039D
:103EF000DB003233A2FB03235B095A0002F4F872A1
:103F000002EB011203F00703216813448B60D4E72E
:103F1000001001401F85EB512DE9F04383B00546A9
:103F20000E4617469946DDF828802B681C6836EA4D
:103F300004040CBF01240024BC4228D1B8F1FF3F87
:103F4000F3D0FDF7CBFFA0EB0900404523D8B8F133
:103F5000000F22D02B68DA6812F0040FE5D0802E13
:103F6000E3D0402EE1D01A6812F0080FDDD0002413
:103F700001941A6801925B680193019B2846FFF740
:103F8000E4FE08236B6485F84040012000E0002037
:103F900003B0BDE8F0830320FAE70320F8E760B33D
:103FA00010B5044690F8413013B3242384F841300F
:103FB0002268D36823F40053D3602046FFF724FF20
:103FC0002268136923F4904313612268536923F034
:103FD0002A0353612268D36843F40053D36000205E
:103FE0006064202384F8413084F84230606310BD5F
:103FF00080F84030FDF7B8FDD7E7012070472DE984
:10400000F04182B01E4690F84130DBB2202B56D1F1
:1040100004460D469046002955D00AB901204FE0CC
:1040200000234364212380F84130FDF757FF074602
:10403000A4F82480A4F82680A368B3F5805F02D09A
:104040004FF0000814E023692BB34FF000080FE095
:10405000202384F84130032032E038F8023B226804
:10406000C3F308035360E28C92B2013A92B2E28445
:10407000E38C9BB293B100963B4600228021204600
:10408000FFF74AFF0028E3D1002DE6D015F8012BF9
:1040900023685A60E7E7A8460025E9E700963B4613
:1040A000002240212046FFF737FF18B9202384F86B
:1040B000413005E0202384F84130032000E0022055
:1040C00002B0BDE8F0810120FAE7704708B5016849
:1040D000CA6822F04002CA60202280F84120FFF71F
:1040E000F4FF002008BD7047704708B5806B0023BF
:1040F000C385C384FFF7F8FF08BD704790F84230CE
:10410000DBB2222B69D18368B3F5805F4FD0826A1E
:10411000B3F5805F04D0002B56D10369002B53D137
:1041200003685B681370836A01338362C38D9BB23B
:10413000013B9BB2C385002B51D100B583B002680F
:10414000D36823F02003D3600268D36823F480731C
:10415000D3600268536923F001035361202380F880
:10416000423000234363036B012B33D100230363ED
:10417000026802F10C0353E8003F23F010030C32F5
:1041800042E800310029F3D103681A6812F0100FD9
:1041900006D0002201921A6801925B680193019B8C
:1041A000818DFFF7AAFF002003B05DF804FB0269D0
:1041B000002AACD1826A03685B68C3F308031380EA
:1041C000836A02338362B1E703685B6803F07F03AD
:1041D0001370A8E7FFF787FFE5E70220704700208C
:1041E0007047000010B582B0044602681368D068BA
:1041F000516913F00F0F09D113F0200F0CD010F0FC
:10420000200F09D02046FFF779FF16E011F00101D9
:1042100015D110F4907F12D1216B012979D013F0C0
:10422000800F03D010F0800F40F0148113F0400F86
:1042300003D010F0400F40F0118102B010BD13F018
:10424000010F06D010F4807F03D0626C42F00102AF
:10425000626413F0040F04D019B1626C42F00202E0
:10426000626413F0020F04D019B1626C42F00402D0
:10427000626413F0080F07D010F0200F00D119B1BD
:10428000626C42F008026264626C002AD5D013F0BE
:10429000200F02D010F0200F29D123685B6903F0B2
:1042A0004003626C12F0080F00D163B32046FFF7A1
:1042B0004CFD23685B6913F0400F20D0226802F1A7
:1042C000140353E8003F23F04003143242E8003166
:1042D0000029F3D1E36B73B1624A1A65E06BFEF714
:1042E00061FB0028A9D0E06B036D9847A5E7204645
:1042F000FFF704FFD1E72046FFF7F6FE9DE72046D3
:10430000FFF7F2FE99E72046FFF7EEFE0023636415
:1043100093E713F0100F82D010F0100F3FF47FAF2F
:10432000002301931368019353680193019B536920
:1043300013F0400F52D0E26B13685B689BB2002B06
:104340003FF47BAFA18D99427FF677AFE385D369C8
:10435000B3F5807F37D0226802F10C0353E8003FA9
:1043600023F480730C3242E800310029F3D1226833
:1043700002F1140353E8003F23F00103143242E832
:1043800000310029F3D1226802F1140353E8003F01
:1043900023F04003143242E800310029F3D12023F6
:1043A00084F8423000232363226802F10C0353E8AF
:1043B000003F23F010030C3242E800310029F3D112
:1043C000E06BFEF7A5FA02236363A18DE38D9BB238
:1043D000C91A89B22046FFF790FE2EE7A18DE38D22
:1043E0009BB2C91A89B2E38D9BB2002B3FF425AF73
:1043F00000293FF422AF226802F10C0353E8003F8A
:1044000023F490730C3242E800300028F3D1226884
:1044100002F1140353E8003F23F00103143242E891
:1044200000300028F3D1202384F842300023236396
:10443000226802F10C0353E8003F23F010030C3212
:1044400042E800300028F3D1022363632046FFF7DF
:1044500054FEF2E62046FFF7A6FCEEE62046FFF704
:1044600035FEEAE6EB400008842801D003307047AF
:104470000020704708B500F069FD002008BD2DE957
:10448000F04387B00E464469C4B18569B5B1476849
:10449000D0F80080D0F81090B0F90800FFF7E4FFE2
:1044A00002950194009033464A464146384600F052
:1044B000DDFC0590059807B0BDE8F0834468056809
:1044C0000769B0F90800FFF7CFFF05AB0193009033
:1044D0003346BAB22946204600F005FD0128E9D04E
:1044E0000020E8E708B500B9012000F081FE0020B7
:1044F00008BD00F1080343604FF0FF328260C360E3
:104500000361002303607047002303617047436821
:104510004B609A688A605160996008610368013352
:104520000360704730B40D68B5F1FF3F11D000F162
:1045300008031C465B681A68AA42FAD963684B6094
:1045400099608C606160086103680133036030BC6E
:1045500070470469F2E70369416882688A604168CC
:1045600051605A68824206D0002202611A68013AFC
:104570001A601868704782685A60F5E782B00023B5
:1045800001930D4B1B68B3F1FF3F08D04FF0500370
:1045900083F31188BFF36F8FBFF34F8FFEE74FF0A8
:1045A000500383F31188BFF36F8FBFF34F8F019BCD
:1045B000002BFCD002B070470C00002008480068B7
:1045C000006880F308884FF0000080F3148862B61A
:1045D00061B6BFF34F8FBFF36F8F00DF00BF0000E6
:1045E00008ED00E0DFF80C00016841F470010160A3
:1045F0007047000088ED00E04FF0807340F8043C05
:1046000021F0010140F8081C054B40F80C3C40F833
:10461000202C6FF0020340F8243C4438704700BF60
:104620007D450008000000000000000000000000C0
:10463000074B19680868B0E8F04F80F30988BFF3AA
:104640006F8F4FF0000080F311887047AFF3008048
:10465000844C00204FF0500383F31188BFF36F8F19
:10466000BFF34F8F0B4A136801331360012B00D047
:1046700070474FF0E023D3F8043D13F0FF0FF7D05D
:104680004FF0500383F31188BFF36F8FBFF34F8F49
:10469000FEE700BF0C000020094B1B6843B94FF038
:1046A000500383F31188BFF36F8FBFF34F8FFEE783
:1046B000013B034A13600BB983F31188704700BFB5
:1046C0000C000020000000000000000000000000BE
:1046D000EFF30980BFF36F8F154B1A681EF0100FB0
:1046E00008BF20ED108A20E9F04F10602DE9090085
:1046F0004FF0500080F31188BFF34F8FBFF36F8FDF
:1047000000F09CFD4FF0000080F3118809BC19688F
:104710000868B0E8F04F1EF0100F08BFB0EC108A28
:1047200080F30988BFF36F8F704700BFAFF300803D
:10473000844C002008B54FF0500383F31188BFF379
:104740006F8FBFF34F8F00F04BFC28B14FF0E02389
:104750004FF08052C3F8042D002383F3118808BD65
:104760004FF0E022002313619361054B1B6805495C
:10477000A1FB03139B09013B53610723136170479E
:1047800000000020D34D62104FF0E023D3F8002D3D
:104790003D4B9A421CD04FF0E023D3F8002D3B4B09
:1047A0009A421ED030B583B0394B1A78D2B20192FA
:1047B000FF221A701B78DBB28DF803309DF80330AE
:1047C00003F05003334A1370334B07221A601BE087
:1047D0004FF0500383F31188BFF36F8FBFF34F8FF8
:1047E000FEE74FF0500383F31188BFF36F8FBFF3E1
:1047F0004F8FFEE7284A1368013B13609DF8033092
:104800005B00DBB28DF803309DF8033013F0800FAE
:10481000F0D1214B1B68032B08D04FF0500383F3DA
:104820001188BFF36F8FBFF34F8FFEE71B021A4A49
:10483000136003F4E0631360019BDBB2144A13704E
:104840004FF0E024D4F8203D43F47003C4F8203D39
:10485000D4F8203D43F07043C4F8203DFFF780FFBB
:1048600000250E4B1D60FFF7BDFED4F8343F43F02A
:104870004043C4F8343FFFF7A1FE00F0DFFCFFF730
:104880007DFE284603B030BD71C20F4170C20F419A
:1048900000E400E0380F0020340F00200C0000205E
:1048A000124A12F0070F1ED0D11D21F00701C1F5E9
:1048B000705313440A460E480260002141601344BD
:1048C000083B23F007030B48036059601960991AED
:1048D00051601360084B1960084B1960084B4FF08A
:1048E00000421A6070474FF47053E4E75C0F0020F9
:1048F000540F0020500F0020480F00204C0F0020C4
:104900003C0F0020164B1A461B688342FBD35168AC
:1049100002EB010C844509D0416800EB010C6345B2
:1049200009D00360904219D010607047406801447C
:1049300051601046F0E710B40A4C2468A3420BD033
:104940005B681944416013681B680360904200D0A3
:1049500010605DF8044B70470460F7E7704700BFD4
:10496000540F0020500F002038B5044600F030FBF3
:10497000384B1B68B3B1384B1B681C4250D1002C1C
:1049800050D004F1080214F0070F02D022F0070201
:104990000832002A55D0314B1B68934253D330491B
:1049A0000C6804E0FFF77CFFE5E721461C466368DE
:1049B000934202D22368002BF7D1264B1B68A342F7
:1049C00043D00D68083523680B6063689B1A102B71
:1049D00010D9A01810F0070F08D04FF0500383F340
:1049E0001188BFF36F8FBFF34F8FFEE743606260A4
:1049F000FFF788FF626819490B689B1A0B60194919
:104A000009688B4201D217490B60134B1B68134393
:104A1000636000232360144A13680133136002E0CB
:104A2000002500E0002500F067FB15F0070F0ED011
:104A30004FF0500383F31188BFF36F8FBFF34F8F95
:104A4000FEE70025EFE70025EDE70025EBE7284628
:104A500038BD00BF500F00203C0F00204C0F00203D
:104A6000540F0020480F0020440F0020002834D0AD
:104A700038B50446A0F1080550F8043C174A1268FE
:104A8000134208D14FF0500383F31188BFF36F8FA7
:104A9000BFF34F8FFEE750F8081C41B14FF05003B1
:104AA00083F31188BFF36F8FBFF34F8FFEE723EAC5
:104AB000020340F8043C00F08BFA54F8041C084A46
:104AC00013680B4413602846FFF71CFF054A136860
:104AD0000133136000F010FB38BD70473C0F00201D
:104AE0004C0F0020400F0020084B1B681B6823B9A7
:104AF000074B4FF0FF321A607047044B1B68DB68AE
:104B0000DB685A68024B1A60704700BFCC4B00202C
:104B1000644B00202DE9F04707469846089DDDF8D4
:104B200024900A9C266B02F18042013A06EB820631
:104B300026F00706002964D008464FF0000CBCF1AF
:104B40000F0F09D810F80C2004EB0C0383F8342065
:104B500012B10CF1010CF2E7002384F84330062D6A
:104B600000D90625E56265644FF0000AC4F848A044
:104B7000201DFFF7C9FC04F11800FFF7C5FC2461F4
:104B8000C5F10705A5616462C4F890A184F894A1F9
:104B90004FF4A072514604F1500001F0B1FB1B4BE1
:104BA000636503F16802A265D033E3650122002347
:104BB000C4E93A2343F20E33A4F8F0304AF6CD3379
:104BC000A4F8F23041F23423A4F8F4304EF26D63CD
:104BD000A4F8F6304DF6EC63A4F8F8300523A4F8F9
:104BE000FA300B23A4F8FC30424639463046FFF732
:104BF00003FD2060B9F1000F01D0C9F80040BDE805
:104C0000F087002384F83430A9E700BF644E002009
:104C100038B5002407E004EB840293000E481844E2
:104C2000FFF767FC0134062CF5D90C4D2846FFF739
:104C300060FC0B4C2046FFF75CFC0A48FFF759FC70
:104C40000948FFF756FC0948FFF753FC084B1D6065
:104C5000084B1C6038BD00BFF84B0020E44B00201F
:104C6000D04B0020B44B0020A04B0020884B0020EC
:104C7000CC4B0020C84B002010B50446FFF7EAFCDF
:104C8000214A136801331360204B1B685BB1204B32
:104C90001B686BB91D4B1B68DA6AE36A9A4207D836
:104CA0001A4B1C6004E0194B1C601368012B28D0C0
:104CB000184A136801331360E06A01238340164ADF
:104CC00011680B43136000EB8000211D134B03EBB5
:104CD0008000FFF71CFCFFF7DFFC0D4B1B687BB16E
:104CE0000A4B1B68DA6AE36A9A4209D24FF0E02362
:104CF0004FF08052C3F8042DBFF34F8FBFF36F8F77
:104D000010BDFFF785FFD3E7844B0020844C0020C3
:104D1000784B0020684B00207C4B0020F84B002093
:104D200010B50446503001F04FFB94F8953163B153
:104D3000012B11D0022B0ED04FF0500383F31188BA
:104D4000BFF36F8FBFF34F8FFEE7206BFFF78EFE31
:104D50002046FFF78BFE10BD2046FFF787FEFAE7DF
:104D60000F4B1B68D3B110B5FFF774FC0D4BDB681C
:104D7000DC68201DFFF7EFFB0B4A1368013B136053
:104D8000074A1368013B1360FFF786FC2046FFF7D4
:104D9000C7FF034B1B68002BE6D110BD704700BF57
:104DA0009C4B0020A04B0020844B002008B5FFF74F
:104DB000D7FF074B1B68012BF9D94FF0E0234FF0C9
:104DC0008052C3F8042DBFF34F8FBFF36F8FEEE710
:104DD000F84B002070B504460D461D4B1E681D4B58
:104DE00018680430FFF7B7FB48B91A4B1B68DB6A39
:104DF00001229A4018490B6823EA02030B60B4F1C0
:104E0000FF3F0DD03444134B1B685C60A64210D9A1
:104E1000124B18680F4B19680431FFF783FB70BD04
:104E2000002DEFD00B4B196804310D48FFF76FFBD5
:104E3000F5E70C4B1868074B19680431FFF772FB54
:104E4000094B1B68A342EAD9074B1C60E7E700BF88
:104E5000804B0020844C00207C4B0020C84B00205D
:104E6000884B0020CC4B0020644B002030B587B02D
:104E70000B9C8CB10C9DC5B14FF4CC750495049D71
:104E8000B5F5CC7F1AD04FF0500383F31188BFF3F0
:104E90006F8FBFF34F8FFEE74FF0500383F31188FE
:104EA000BFF36F8FBFF34F8FFEE74FF0500383F3D5
:104EB0001188BFF36F8FBFF34F8FFEE7049D0C9DEA
:104EC0002C63022485F8954100240394029505ACD7
:104ED00001940A9C0094FFF71DFE0C98FFF7CCFE8E
:104EE000059807B030BD2DE9F04385B007468846E8
:104EF00014461E469000FFF737FD10B381464FF46D
:104F0000CC70FFF731FD0546A8B1C0F83090002302
:104F100080F89531039302900D9B01930C9B0093B5
:104F20003346224641463846FFF7F4FD2846FFF750
:104F3000A3FE012007E04846FFF798FD4FF0FF3041
:104F400001E04FF0FF3005B0BDE8F08310B588B048
:104F500000240594069407AA06A905A8FCF7A4F85E
:104F6000059B0293069B019300942346079A1049E0
:104F70001048FFF77BFF104B1860B8B14FF050039B
:104F800083F31188BFF36F8FBFF34F8F0B4B1B68F9
:104F900050330B4A13600B4B4FF0FF321A600A4B31
:104FA00001221A60094B1C60FFF7EEFB08B010BD30
:104FB00098C10008AD4D0008604B0020844C0020D3
:104FC0001C000020644B0020784B0020804B002008
:104FD000024A136801331360704700BF5C4B002026
:104FE000F8B53A4B1B68002B69D1394B1D68013568
:104FF0001D60C5B9374B1B681B6843B14FF05003A8
:1050000083F31188BFF36F8FBFF34F8FFEE7314AF1
:105010001168314B186810601960304A1368013309
:105020001360FFF761FD2E4B1B68AB423DD9002793
:105030002C4B1B68DB6A03EB83039A002A4B9B58BB
:10504000012B00D90127294B1B68002B3CD00127DD
:105050003AE001271F4B1B681B6843B31D4B1B68BD
:10506000DB68DC6863689D4226D3261D3046FFF767
:1050700072FAA36A1BB104F11800FFF76CFAE36A35
:1050800001229A401A49086802430A6003EB83032D
:105090009A00314614481044FFF739FAE26A114B7E
:1050A0001B68DB6A9A42D4D2D4E70027D2E70C4BC4
:1050B0004FF0FF321A60BBE7094A1360B8E70D4AA8
:1050C00013680133136000273846F8BD5C4B00209D
:1050D000804B0020CC4B0020C84B00206C4B0020A4
:1050E000644B0020844C0020F84B0020704B0020C3
:1050F0007C4B0020744B002038B5354B1B6843B9FE
:105100004FF0500383F31188BFF36F8FBFF34F8FBE
:10511000FEE7FFF79FFA2E4B1A68013A1A601B68E8
:10512000002B4FD12B4B1B680BB900244BE0002404
:10513000294B1B681BB3284BDB68DC6804F11800A3
:10514000FFF709FA251D2846FFF705FAE06A012353
:105150008340224A11680B43136000EB800029460C
:105160001F4B03EB8000FFF7D2F9E26A1D4B1B686F
:10517000DB6A9A42DCD31C4B01221A60D8E70CB1DF
:10518000FFF7B2FC194B1C6884B9174B1C68D4B1EB
:105190004FF0E0234FF08052C3F8042DBFF34F8F40
:1051A000BFF36F8F01240EE0013C07D0FFF718FF1B
:1051B0000028F9D00C4B01221A60F5E70B4B0022B6
:1051C0001A60E2E70024FFF767FA204638BD00BF07
:1051D0005C4B0020844B0020B44B00207C4B002013
:1051E000F84B0020844C0020704B0020744B0020B2
:1051F00010B5A8B10446104B1B6843B14FF05003E3
:1052000083F31188BFF36F8FBFF34F8FFEE7FFF774
:10521000DFFE00212046FFF7DDFDFFF76DFF48B9F7
:105220004FF0E0234FF08052C3F8042DBFF34F8FAF
:10523000BFF36F8F10BD00BF5C4B0020224B1B687B
:105240001BB1224B01221A607047204B00221A60CA
:105250001F4B1B68B3FA83F3DBB2C3F11F0303EBED
:1052600083018A001B498A5842B94FF0500383F3E7
:105270001188BFF36F8FBFF34F8FFEE7154803EB25
:1052800083018A00024451684968516003EB830C32
:105290004FEA8C020832024491420DD003EB8303A3
:1052A0009A000C4B13445B68DA680B4B1A601B685E
:1052B00050330A4A13607047486862469100054AB5
:1052C0000A445060EAE700BF5C4B0020704B0020AE
:1052D0007C4B0020F84B0020844C00201C00002058
:1052E00070B58AB0434B984204D0434B98424FD09C
:1052F0000AB070BD01AB03AA0021FCF7DAFF039BE3
:10530000112BF5D19DF804303C4D1B092B719DF8F4
:1053100005009DF806209DF807109DF808301E092D
:1053200046EA01161C0204F470649DF809301C431F
:105330001021F2EE090ABAEE090A42EA002000F052
:10534000E3FA85ED020A0C21DFED2D0A9FED2D0A0F
:10535000304600F0D9FA85ED030A0C21DFED2A0A68
:105360009FED2A0A204600F0CFFA85ED040A9DF849
:105370000A3007EE903AF8EE677AC5ED057A9DF8A7
:105380000B3007EE903AF8EE677AC5ED067AAFE794
:1053900001AB03AA0021FCF78CFF039BA3F20122BF
:1053A000062AA5D8013BDBB2194A1370194903EB51
:1053B000830201EB420031F9124004819DF8045050
:1053C0009DF8054044EA052421F812409DF8062086
:1053D000120212B29DF80740224342809DF8082035
:1053E000120212B29DF80940224382809DF80A20E1
:1053F00082717DE73007002008070020D44C002090
:1054000000003442000034C200005842000058C27C
:10541000884C00208C4C002000B589B04FF4FA6015
:10542000FFF760F8114CEC4604F10C0EBEE80F00DB
:10543000ACE80F009EE807008CE8070094E80E0037
:10544000012000F0F5F80A4BB3F9003007EE903A6E
:10545000F8EEE77A9FED077A67EE877A034BC3EDA4
:10546000097A0120FFF73EF8EDE700BFD44C002099
:105470003A0B00206F12033B08B50E4C4FF48061CD
:105480002046FDF78DFC6420FFF72CF84FF4805187
:105490002046FDF785FC6420FFF724F84FF40061F7
:1054A0002046FDF77DFC6420FFF71CF80120FFF784
:1054B00019F8E2E7001C024010B58AB001220892F8
:1054C000002306930792009301930293039305939D
:1054D00004930E4C69462046FCF7ACFD2046FCF7D1
:1054E00045FE02212046FCF799FF0E230993059300
:1054F000074C69462046FCF79DFD2046FCF736FE2A
:1055000002212046FCF78AFF0AB010BD30070020B8
:105510000807002010B4164B1B685C6944F0400477
:105520005C61DC6844F01004DC60124B1C6823688A
:1055300023F00103236003E01C6824F001041C60D5
:105540000C4B1B681C6814F0010FF5D10A4C9C60D1
:10555000D86019615A601A6842F480221A60054BBB
:105560001A68136843F0010313605DF8044B704739
:10557000A00E0020380D00200448004000B587B080
:10558000094CEC4604F1100EBEE80F00ACE80F0029
:105590009EE803008CE8030094E80F0000F090F808
:1055A0000120FEF79FFFEBE7D44C0020F0B589B057
:1055B00007460D4614461E46012A03D0022C11D080
:1055C00009B0F0BD0028F9D00029F7D002930023DC
:1055D00004930593069101AB024602A90948FCF722
:1055E000F3FDEBE7002FEBD0002DE9D0029600236E
:1055F00004930593069501AB3A4602A90248FCF7CD
:10560000E3FDDDE7300700200807002010B5074C58
:1056100028220021204600F073FE01232370052379
:1056200063701523A3700223E37010BDD44C0020D7
:1056300084B000B583B0844605A880E80E00134B03
:1056400093E8030002AB03E90300BCF1020F14D09E
:10565000BCF1030F15D0BCF1010F09D1FC238DF86B
:1056600007300B4A5378D27808216846FFF79EFF2F
:1056700003B05DF804EB04B07047FD238DF80730EC
:10568000EFE7FE238DF80730EBE700BFA0C100086D
:10569000D44C002031EE601A30EE600A01238340C2
:1056A000013B07EE903AF8EEE77A20EE270AC0EECB
:1056B000017AFCEEE77A17EE903A98B27047000054
:1056C00084B0F0B52DED028B83B00AAC84E80F00F6
:1056D0009DED138A9DF82820012A78D000242746C2
:1056E000264625462346022A00F0B980002A46D1E4
:1056F000DFED7F7AB4EEE78AF1EE10FA09D9DFED3B
:105700007D7AB4EEE78AF1EE10FA04DBB0EE678A38
:1057100001E09FED778ADFED788A1020B2EE091A5A
:10572000FAEE090AB0EE680AFFF7B4FF04460C204F
:105730009FED721ADFED720AB0EE680AFFF7AAFF5A
:1057400007460C209FED6F1AF0EE680AB0EE680A6B
:10575000FFF7A0FF06460C20B1EE041AF0EE680A2F
:10576000B0EE680AFFF796FF05460C209FED611A20
:10577000DFED5F0AB0EE480AFFF78CFF0346220A0E
:105780008DF800208DF801403A098DF80220320A88
:1057900042EA07128DF803208DF804602A098DF87B
:1057A00005201A0A42EA05128DF806208DF8073006
:1057B0009DF829309DF82B2008216846FFF7F6FE5A
:1057C00003B0BDEC028BBDE8F04004B07047FAEEC8
:1057D000047AB4EEE78AF1EE10FA09D9F2EE047A0F
:1057E000B4EEE78AF1EE10FA04DBB0EE678A01E06E
:1057F000BAEE048ADFED408A1020B2EE091AFAEE02
:10580000090AB0EE680AFFF745FF04460C20B3EE24
:105810000E1AFBEE0E0AB0EE680AFFF73BFF0746D2
:105820000C209FED381AF0EE680AB0EE680AFFF718
:1058300031FF06460C20B1EE041AF0EE680AB0EE15
:10584000680AFFF727FF05460C20B2EE041AFAEEAD
:10585000040AB0EE480AFFF71DFF03468FE7FAEE91
:10586000047AB4EEE78AF1EE10FA09D9F2EE047A7E
:10587000B4EEE78AF1EE10FA04DBB0EE678A01E0DD
:10588000BAEE048ADFED1C8A1020B2EE091AFAEE95
:10589000090AB0EE680AFFF7FDFE04460C20B3EEDD
:1058A0000E1AFBEE0E0AB0EE680AFFF7F3FE07468B
:1058B0000C209FED141AF0EE680AB0EE680AFFF7AC
:1058C000E9FE06460C20B1EE041AF0EE680AB0EECE
:1058D000680AFFF7DFFE05460C20B2EE041AFAEE66
:1058E000040AB0EE480AFFF7D5FE034647E700BFBB
:1058F000000058C20000584200000000000034427E
:10590000000034C20000FA4307EE900A70EEC00AAD
:10591000F8EEE77A27EEA07A01238B40013B07EEF1
:10592000903AF8EEE77AC7EE276A36EE800A7047BB
:1059300008B544E06C490020088072E06B49002003
:10594000088074E06A490020088076E069490020F8
:10595000088078E06849002008807AE067490020E4
:1059600008807CE06649002008807FE065490020CF
:10597000088082E064490020088085E063490020B7
:10598000088088E06249002008808BE0614900209F
:1059900008808EE060490020088091E05F49002087
:1059A000088094E05E4B0121198012F4004F40F012
:1059B00096805C4B00221A800120FEF793FD5A4B23
:1059C0001B68B3F90010594A1180B3F90210584A04
:1059D0001180B3F90410574A1180B3F90610564AE2
:1059E0001180B3F90810554A1180997A544A1180F0
:1059F000D97A544A1180B3F90C10534A1180B3F983
:105A00000E10524A1180997C514A1180D97C514A1A
:105A100011809A8A93B212F0010F8BD03249012083
:105A2000088013F0020F89D030490120088013F05C
:105A3000040F87D02E490120088013F0080F85D06D
:105A40002C490120088013F0100F83D02A4901202F
:105A5000088013F0200F81D028490120088013F01E
:105A6000400F3FF47FAF26490120088013F0800FDC
:105A70003FF47CAF23490120088013F4807F3FF47A
:105A800079AF21490120088013F4007F3FF476AFFD
:105A90001E490120088013F4806F3FF473AF1C4946
:105AA0000120088013F4006F3FF470AF1949012002
:105AB000088013F4805F3FF46DAF17490120088020
:105AC00013F4005F3FF46AAF14490120088013F417
:105AD000804F7FF467AF124B0021198065E7114BAF
:105AE00001221A8068E700BF2E0B00202C0B00203B
:105AF0002A0B0020280B0020260B0020240B00205E
:105B0000220B0020200B00201E0B00201C0B00206D
:105B10001A0B0020180B0020160B0020140B00207D
:105B2000120B0020100B0020400B00203C0B00202B
:105B30003A0B0020380B0020360B0020340B0020DD
:105B4000320B0020300B00200E0B00200C0B00202D
:105B50000A0B0020080B002000286BD00346002908
:105B600068D030B50478427844EA0224C4F30A04C9
:105B70000C80427890F802E04FEA4E1E4EEAD20EB8
:105B8000CEF30A0EA1F802E08078DA78920042EAB9
:105B90009012187942EA8022C2F30A028A801D79A3
:105BA0005879C00140EA5500C0F30A00C88093F854
:105BB00005C0CCF3011C81F80AC093F805C04FEA78
:105BC0009C1C81F80BC093F806C0DD794CEA052CCB
:105BD000A1F80CC093F808C05D7A4CEA052CA1F836
:105BE0000EC093F80AC0DD7A4CEA052CA1F810C06B
:105BF0001D7B8D745D7BCD7493F80EC0DD7B4CEA0C
:105C0000052CA1F814C093F810C05B7C4CEA032368
:105C10000B81A4F580640C80AEF5806EA1F802E0E3
:105C2000A2F580628A80A0F58060C880A3F58063B9
:105C30000B8130BD7047000008B503492422A1F153
:105C40002400FFF767FC08BD244D00200048704782
:105C5000484D002000B583B02F4B1B681A6812F026
:105C6000200F09D0002200921A6800925B6800930E
:105C7000009B03B05DF804FB284A126812F0100F75
:105C8000F7D0002201921A6801925B680193019B90
:105C9000234B1B681A6812F4002F1DD11A6822F0DA
:105CA00001021A601E4802685368C3F124039BB2C4
:105CB0001C490B8024215160116841F400211160BE
:105CC00001680A6842F001020A60122BD1D116491C
:105CD0001648FFF741FFCCE71A6822F001021A606C
:105CE0000F490A685368C3F124039BB20D4803802F
:105CF000242050600E48826A22F4002282620968E1
:105D00000A6842F001020A60122BB2D10649094822
:105D1000FFF722FFADE700BFA00E002000480040C3
:105D2000380D0020FC4C0020484D0020004D002084
:105D300000600240244D00200FB410B502AA52F8B2
:105D4000041B094B1A60094C204600F0BDFA82B2D0
:105D5000074B1A800A2321460648FEF750F9BDE892
:105D6000104004B0704700BF604E0020604D00201E
:105D70005E4D0020580E002008B5064B9868FAF7D3
:105D800083FB02460B460448FFF7D6FF0520FEF7CB
:105D9000A9FBF2E7D44C0020A8C100082DE9F04788
:105DA000089D0E4604460F46002B4AD194468C456A
:105DB000B2FA82F260D942B1C2F12003974020FAD0
:105DC00003F30CFA02FC1F4394404FEA1C4E1FFAE7
:105DD0008CF6B7FBFEF1230C0EFB117743EA074369
:105DE00001FB06F098420AD91CEB030301F1FF37CF
:105DF00080F01581984240F21281023963441B1AE7
:105E0000A4B2B3FBFEF00EFB103344EA034400FBE4
:105E100006F6A6420AD91CEB040400F1FF3380F019
:105E20000081A64240F2FD806444023840EA01400D
:105E3000A41B00211DB1D4400023C5E90043BDE8E7
:105E4000F0878B4205D90DB1C5E900010021084654
:105E5000F5E7B3FA83F1002946D1B34202D3824277
:105E600000F2F580841A66EB030201201746002D2C
:105E7000E5D0C5E90047E2E7002A40F09380A1EBB6
:105E80000C034FEA1C471FFA8CFE0121B3FBF7F607
:105E900007FB1630230C43EA00430EFB06F0984242
:105EA00008D91CEB030306F1FF3802D2984200F236
:105EB000D08046461B1AA4B2B3FBF7F007FB1033A1
:105EC00044EA03440EFB00FEA64508D91CEB04047B
:105ED00000F1FF3302D2A64500F2B6801846A4EBCB
:105EE0000E0440EA0640A5E7C1F120078B4022FAE4
:105EF00007FC4CEA030C06FA01FE20FA07F426FA26
:105F000007F344EA0E0400FA01F84FEA1C404FEA96
:105F10001449B3FBF0FE1FFA8CF600FB1E3349EA6E
:105F200003430EFB06F9994502FA01F20BD91CEB6B
:105F300003030EF1FF3A80F08580994540F282809C
:105F4000AEF1020E6344A3EB0909A4B2B9FBF0F36E
:105F500000FB139944EA094403FB06F6A64208D95C
:105F60001CEB040403F1FF3068D2A64266D9023B61
:105F7000644443EA0E40A41BA0FB02E6B44273460D
:105F8000B14652D34FD05DB1B8EB030264EB0904C4
:105F900004FA07F722FA01F31F43CC40C5E9007465
:105FA00000214CE7C2F1200120FA01F30CFA02FCB7
:105FB00026FA01F1964033434FEA1C471FFA8CFE44
:105FC000B1FBF7F007FB1016190C41EA064100FB84
:105FD0000EF68E4204FA02F408D91CEB010100F11E
:105FE000FF382DD28E422BD902386144891B9BB2D7
:105FF000B1FBF7F607FB161143EA014306FB0EF16E
:10600000994208D91CEB030306F1FF3814D29942D8
:1060100012D9023E63445B1A46EA004136E739462C
:10602000EDE6184602E7F045ADD2BEEB020366EBA3
:106030000C060138B146A6E74646ECE7034698E76A
:106040004046D3E7D6467EE76444023847E7084631
:106050000DE7023E63442DE7024A0349034800F07E
:10606000C9B800BF100000200589000820000020EA
:106070000C4B4168994210B5044601D002F042FC35
:10608000A168094B994202D0204602F03BFCE1682E
:10609000064B994204D02046BDE8104002F032BCC5
:1060A00010BD00BF644E0020CC4E0020344F0020B5
:1060B0002DE9F843314A324C3249DFF8DC90DFF801
:1060C000DC80314F1160002504232946082204F1A9
:1060D0005C00C4E903352D4EA560C4E90055C4E950
:1060E0000555656600F00CF904F15800C4E907494C
:1060F000C4E90987E66200F00DFA2946244B63677C
:10610000082204F1C400C4E91A55C4E91E552567E4
:10611000C4F8CC50C4F8805000F0F2F804F16803E1
:1061200004F1C000C4F88430C4E92298C4E924769C
:1061300000F0F0F9174BC4F8DC30294604F59670EE
:106140000822C4E93455C4E93855C4F8D850C4F815
:106150003451C4F8E85000F0D3F804F1D003C4E996
:106160003D87C4F8F09004F59470C4F8FC60C4F85E
:10617000EC30BDE8F84300F0CDB900BF9C4F0020E3
:10618000644E0020596000089D620008C16200084A
:106190000900010012000200396200085D62000877
:1061A00010B504460A4800F0B9F9636B23B9094BEE
:1061B000094A1B68626323B1BDE81040044800F03F
:1061C000AFB9FFF775FFBDE81040014800F0A8B96E
:1061D000AC4F00209C4F002071600008014800F087
:1061E0009DB900BFAC4F0020014800F099B900BF35
:1061F000AC4F00202DE9F8430746884616464FF07D
:106200000009D6E90154013D10D4A389012B08D916
:10621000B4F90E3001332146384602D0C04749EA6E
:106220000009013D6B1C04F16804EED13668002EB4
:10623000E7D14846BDE8F88310B50C46B1F90E1019
:1062400000F00EF9002803DB236D0344236510BD25
:10625000A38923F48053A38110BD00BF2DE9F04131
:106260000C46B1F90C101F46CB05054616460BD45B
:1062700021F48051A1813B46B4F90E1032462846E4
:10628000BDE8F04100F002B9B4F90E10022300227B
:1062900000F0D0F8B4F90C10EAE700BF10B50C46D6
:1062A000B1F90E1000F0C6F8B4F90C30421C0EBF64
:1062B00023F4805343F480532065A38110BD00BFB5
:1062C000B1F90E1000F06EB870B59AB013460A4ED0
:1062D0000A466FF000410291059108490391044676
:1062E00000253068199569460094049400F040FD3B
:1062F000009B1D701AB070BD1C0000200802FFFF3B
:10630000830730B547D0541E002A3ED0CAB2034698
:1063100001E0013C39D303F8012B9D07F9D1032C8F
:106320002CD9CDB205EB05250F2C05EB054535D94C
:10633000A4F1100222F00F0C03F1100EE6444FEA14
:10634000121C1A46C2E90055C2E9025510327245C4
:10635000F8D10CF1010214F00C0F03EB021204F05F
:106360000F0C13D0ACF1040323F0030304331344E4
:1063700042F8045B9342FBD10CF003042CB1C9B288
:106380001C4403F8011BA342FBD130BD64461346F5
:10639000002CF4D1F9E703461446C0E71A46A44698
:1063A000E0E700BF38B5074D0022044608462A60E2
:1063B000FBF7AAF9431C00D038BD2B68002BFBD09B
:1063C000236038BDA04F0020194B1B6883422ED09C
:1063D000416C70B5054681B100268C593CB121460F
:1063E0002468284600F00AF9002CF8D1696C0436BC
:1063F000802EF2D1284600F001F9A96B11B1284690
:1064000000F0FCF82C6C34B121462468284600F0DA
:10641000F5F8002CF8D1E96C11B1284600F0EEF83F
:106420006B6B1BB12846BDE87040184770BD7047C4
:106430001C00002038B50C46084D84461146204605
:106440001A4600232B606446FBF768F9431C00D012
:1064500038BD2B68002BFBD0236038BDA04F002037
:1064600038B50C46084D8446114620461A4600238E
:106470002B606446FBF72AF9431C00D038BD2B681B
:10648000002BFBD0236038BDA04F002038B50C4650
:10649000084D8446114620461A4600232B60644668
:1064A000FBF724F9431C00D038BD2B68002BFBD030
:1064B000236038BDA04F0020014B1868704700BF13
:1064C0001C00002070B50F4B0F4DAB42A3EB05062F
:1064D00007D0B610002455F8043B01349847A64273
:1064E000F9D805F0D1FD094D094B5E1BAB424FEACF
:1064F000A60606D0002455F8043B01349847A6426E
:10650000F9D870BDC4C50008C4C50008C4C50008DA
:10651000CCC50008704700BF704700BF704700BF80
:10652000704700BF024B13B1024800F005B8704736
:1065300000000000F18B0008002301461A461846AF
:1065400002F0AABB2DE9F84306460820894602F06E
:1065500063FBDFF8A4800546304600F0FDFBD8F869
:1065600008305F6827F00307A7F11104A4EB0904C2
:106570002C44B4FBF5F4013C05FB04F4A54208DC13
:106580000021304602F022FBD8F808303B44984204
:1065900005D0304600F0E6FB0020BDE8F8836142FC
:1065A000304602F013FB01300FD0114AD8F8083002
:1065B0003F1B47F001075F60136830461B1B1360E9
:1065C00000F0D0FB0120BDE8F8830021304602F046
:1065D000FDFAD8F80820831A0F2BDADD43F0010307
:1065E0005360044B02491B68C01A0860D1E700BF22
:1065F000B44F0020640100207001002000297CD0ED
:106600002DE9F0410C46804600F0A6FB54F8043C0E
:10661000754FA4F1080523F001016818BE684268AF
:10662000864222F0030200F08380DE07426000EB26
:10663000020C33D454F8084CDCF804302D1B2144F0
:10664000AC6807F1080C644503F0010364D0D5F889
:106650000CE0C4F80CE0CEF80840002B00F081807C
:1066600041F001036B600160B1F5007F22D27868D0
:10667000CB080122490901338A40024357F83310FD
:106680007A6007EBC302083AC5E9021247F83350B3
:10669000CD604046BDE8F04100F064BBDCF804305A
:1066A000DB072BD541F00103B1F5007F44F8043C32
:1066B0000160DCD3B1F5206F4FEA512353D28B092F
:1066C00003F1390003F13802C300F818FB58083809
:1066D000984203D161E09B68984204D05A6822F046
:1066E00003028A42F7D8D868C5E902308560DD60C8
:1066F0004046BDE8F04100F035BB7047114407F15A
:10670000080C836863453FD0C268DA60936041F04B
:1067100001036B606950A7E7002B5FD10A44D0E901
:106720000213CB60996042F001036B60AA50B0E79E
:10673000DB070A4407D454F8083CED1A1A44D5E99B
:106740000213CB60996042F001036B60274BBD6080
:106750001B6893429DD8264B40461968FFF7F2FE0E
:1067600097E71144CDE7142B08D9542B1DD80B0BF8
:1067700003F16F0003F16E02C300A6E703F15C00B2
:1067800003F15B02C300A0E741F00103C7E9045530
:10679000C5E902CC6B6069507BE7796892100124EF
:1067A00004FA02F20A437A609EE7B3F5AA7F06D89C
:1067B000CB0B03F1780003F17702C30085E740F2C9
:1067C0005452934206D88B0C03F17D0003F17C02F6
:1067D000C3007AE74FF47E737E2276E741F001032F
:1067E0006B60016055E700BF700100206801002068
:1067F000E44F00202DE9F04F01F10B05162D83B079
:10680000064623D8102900F2AF8000F0A5FA102523
:1068100018230220B74F3B44A3F108025C6894425E
:1068200000F01E816368E268A16823F00303CA6078
:106830002344304691605A6842F001025A6000F0E9
:1068400091FA0834204603B0BDE8F08F35F0070513
:1068500000F18A80A94200F2878000F07DFAB5F548
:10686000FC7FC0F06E816B0A00F08280042B00F286
:106870001D81AB0903F1390003F1380EC3009D4FB0
:106880003B44A3F1080C5C68A44507D10DE0002A45
:10689000E16880F2DF808C4507D00C46636823F006
:1068A00003035A1B0F2AF2DD7046DFF860823C6951
:1068B000444500F0BC80636823F0030CACEB050397
:1068C0000F2B00F34281002BC7E9048880F22D8151
:1068D000BCF5007FD7F804E080F0C8804FEADC0107
:1068E00001314FEA5C1C012303FA0CF357F8312005
:1068F000A2604EEA030E07EBC103083BE360C7F852
:1069000004E047F83140D46083104FF0010C0CFADA
:1069100003FCF44532D81CEA0E0F08D120F0030026
:106920004FEA4C0C1CEA0E0F00F10400F8D007EB04
:10693000C00AD6468146DEF80C300BE0596821F0DB
:1069400003014A1B0F2A1C46DB6800F3BB80002AA8
:1069500080F2DE809E45F1D109F1010919F0030FA3
:106960000EF1080EE7D119E10C233360002469E72A
:106970004FF4007340204FF03F0E80E7BC6863681F
:1069800023F00309A94503D3A9EB05030F2B51DC21
:10699000594B1B68082003F1100804EB090300930E
:1069A00002F03AF9554A13680133A844834605D0EA
:1069B00008F1FF388044434203EA08084146304664
:1069C00002F004F9B0F1FF3F4C4A824600F0D88053
:1069D000009B834200F2D280494B186840440BF17F
:1069E000FF311860844640F0FC801AEA010F40F045
:1069F000F880D7F808A0C84448F00102CAF804207B
:106A0000404B1968814238BF18603F4B196881427A
:106A100038BF1860544622F00308A845A8EB0503C8
:106A200001D30F2B06DC304600F09CF99EE7D7F827
:106A300004E069E7621943F0010345F00105656070
:106A40003046BA60536000F08DF90834204603B038
:106A5000BDE8F08FA2682344D16030468A60EAE640
:106A6000DC68A3427FF4DEAE02301EE7BCF5206F87
:106A70004FEA5C227BD3142A00F2128102F15C03FC
:106A8000DB005B32F918FB580839994203D1ECE07E
:106A90009B68994204D05A6822F003026245F7D8F5
:106AA000D968C4E902318C60DC602DE7142B6AD907
:106AB000542B00F2FE802B0B03F16F0003F16E0EDE
:106AC000C300DCE6D4F808C03046661945F001057D
:106AD0006560CCF80C30C3F808C042F00103C7E988
:106AE0000466C6E902887360625000F03BF908341E
:106AF000A8E600BF70010020E44F002064010020E0
:106B0000B44F0020E04F0020DC4F0020780100202F
:106B1000214430464A6842F001024A6054F8082F86
:106B2000D3609A6000F01EF98CE6A4443046DCF88D
:106B3000043043F00103CCF8043000F013F90834BA
:106B400080E6E80805F1080364E6621943F00101F4
:106B500045F0010565603046C7E90422C2E90288B4
:106B6000516044F80C3000F0FDF808346AE64FEA52
:106B70009C1202F13903DB00383283E7BC4228D093
:106B8000BC68626847E703F15C0003F15B0EC30079
:106B900075E65AF80839534540F0D98010F0030FD4
:106BA00000F1FF30F5D17B6823EA0C037B604FEAEC
:106BB0004C0C9C453FF6E2AEBCF1000F04D1DDE683
:106BC0004FEA4C0C09F104091CEA030FF8D04846BF
:106BD000ADE6604B186808EB000C0BF1FF31C3F811
:106BE00000C0106801306ED0009AAAEB0202624425
:106BF0001A601AF00702CDE9002340D0C2F1080262
:106C00009244D04408EA01005A44121A02EA010BE5
:106C10005946304601F0DAFF421C019B6FD0A0EBD1
:106C20000A0000EB0B081868C7F808A048F001023A
:106C30005844BC42CAF8042018603FF4E1AEB9F1F0
:106C40000F0F43D96168A9F10C0222F0070201F08D
:106C50000101114361604FF0050CA1180F2AC1E931
:106C600001CC54D8DAF80420CAE692104FF0010C97
:106C70000CFA02F24EEA020EC7F804E011E70AEB42
:106C800008020A40ABEB020202EA010B5946304609
:106C900001F09CFF431C019BC1D1DDF800B0C2E7AD
:106CA000542A17D84FEA1C3202F16F03DB006E3210
:106CB000E8E6B3F5AA7F17D8EB0B03F1780003F1F0
:106CC000770EC300DBE5C2F800A092E70123CAF803
:106CD0000430A8E6B2F5AA7F24D84FEADC3202F1EC
:106CE0007803DB007732CDE640F25452934224D849
:106CF000AB0C03F17D0003F17C0EC300BFE5009AED
:106D0000083A9044A8EB0A084FF0000B8BE7304696
:106D100004F108010093FFF771FC009BD7F808A06D
:106D200018689FE740F254539A420CD84FEA9C42AD
:106D300002F17D03DB007C32A4E64FF47E737F20FA
:106D40004FF07E0E9BE54FF47E737E229AE67B68C1
:106D50002DE700BFB44F00200148FFF7DFBB00BFA5
:106D6000A44F00200148FFF7DBBB00BFA44F002069
:106D70002DE9F04FD9B00C46099115460B93834687
:106D800001F020FF036816931846F9F7D9FC00219B
:106D90001490082228A8FFF7B3FAA389190603D58F
:106DA0002369002B00F05E879FED7F7B0023CDE9F8
:106DB0002D33CDE917338DED107B2FAA0E932C9236
:106DC000144615931C93199306932E46B246784B9E
:106DD000D3F8E45001F0F0FE28AA0346009224A95B
:106DE00052465846A847002800F0B180C0F2A7805C
:106DF000249A252A034601D09A44E8E7BAEB06070D
:106E0000054640F0A880002319464FF0FF328DF868
:106E1000873007930AF1010A9AF80030059204912D
:106E20000AF1010AA3F120025A2A00F2C380DFE826
:106E300012F0F402C100C100ED02C100C100C100A6
:106E40006A00C100C1003F025102C1004A020603AC
:106E5000C100FF025B005B005B005B005B005B004E
:106E60005B005B005B00C100C100C100C100C1004C
:106E7000C100C1003B01C100BE01D3023B013B0187
:106E80003B01C100C100C100C100CC02C100C10072
:106E90008802C100C100C100E801C1005702C10061
:106EA000C100B206C100C100C100C100C100C100E3
:106EB000C100C1003B01C100BE011A023B013B0100
:106EC0003B01A0021A027F00C100C202C100B3024E
:106ED000D80622037F00C100E8017C00AE06C10095
:106EE000C100DB06C1007C00A3F1300200211AF8CA
:106EF000013B01EB810102EB4101A3F13002092AC0
:106F0000F5D907918EE7584601F05CFE4368199366
:106F10001846F9F715FC1C900546584601F052FE3C
:106F200083681793002D40F0B7859AF8003077E713
:106F3000049B43F0200304939AF8003070E7082282
:106F4000002128A8FFF7DCF901239A443FE7BAEBB8
:106F50000607054610D02E9B3B442E932D9B0133F4
:106F6000072BC4E900672D9315DC0834069B3B44CE
:106F70000693002D7FF447AF2E9B002B41F09381A9
:106F8000099B9B8903F04003002B41F092830698F4
:106F900059B0BDE8F08F09992CAA584601F086FC3B
:106FA0000028EDD12FACE1E7000000000000000058
:106FB000780500200C93002BDED000228DF8FC30E9
:106FC00001238DF8872002930A920893059212926A
:106FD0000F920D923FAE049B13F0020302D0029970
:106FE0000231029104992E9D11F0840805D1079970
:106FF00002980F1A002F00F3A1806AB1012262608B
:107000002D9A013201350DF18701072A2E952D9217
:10701000216000F3DB8308346BB12D9B22AA01337E
:1070200002352260072B4FF002022E952D936260ED
:1070300000F3C1830834B8F1800F00F0C482059BCF
:10704000089A9F1A002F00F3FE82049BDA0500F1D4
:107050002482089B63601D442D9B26600133072B0F
:107060002E952D9300F33F830834049B5A0705D5D2
:10707000079B029A9E1A002E00F3B583DDE90632C3
:1070800002998A42ACBF9B185B180693002D40F012
:107090000B8300232D930A9B1BB10A995846FFF7D7
:1070A000ADFA2FAC564691E60C930B9B073323F0B9
:1070B0000703B3EC027B58EC177B0B9328F00043DB
:1070C0001B938DED1A7ADDE91A01AF4B4FF0FF32B9
:1070D0008DED107BF9F73AFE002840F00285DDE9DE
:1070E0001A01A94B4FF0FF32F9F712FE002840F0C9
:1070F000F8840022002338464146F9F7FFFD0028B6
:1071000041F021809DF88720049BA04E23F080034E
:1071100004939F4B0C994729D8BF1E460023032197
:107120000A9302910891059312930F930D93002AED
:107130003FF451AF029B013302934CE795492D9ADE
:107140001391102F25DD21462846099C914D1D9352
:107150004FF0100904E0103F102F01F1080115DD78
:1071600001321030072AC1E90059CDE92D20F2DDA6
:107170002CAA2146584601F099FB002840F09C8239
:10718000103F102FDDE92D202FA9E9DC1D9B0C46B7
:1071900005460132139921603D44072ACDE92D258A
:1071A000676000F3D4869DF88720083425E70B9AA2
:1071B0000C93432B02F1040503D0049BDA0640F143
:1071C0001785082200212AA8FFF79AF80B9B3FAEEB
:1071D0001A6831462AAB584603F060F9034601337A
:1071E000089001F06182089B23EAE3730293002276
:1071F0000B958DF887200A92059212920F920D92AC
:10720000E9E60B9F0C9357F8046B00238DF8873049
:10721000002E00F016850C9B532B00F0BF86049BBC
:1072200013F010030D9340F0B986059B002BC1F2BB
:1072300045800D991A463046F9F732FA0A9000282F
:1072400001F066820A9B991B0D9B0891059321EA28
:10725000E17112930F930A9373239DF887200B9784
:1072600002910C9363E70C93049B9B0640F1BD8055
:107270000B9B073323F007031A46596852F8083B63
:107280000B920A460029C0F2CA8305990029C0F270
:107290008382049921F0800553EA020140F07D8247
:1072A000059A002A40F07E820495089258AE60E16B
:1072B0000B9B53F8042B0792002A80F2DA83079A7B
:1072C0000B9352420792049B43F0040304939AF8F1
:1072D0000030A5E52B238DF887309AF800309FE524
:1072E0000C93049B43F0100515F0200200F072830C
:1072F0000B9B073323F0070319465A6851F8083BE4
:107300000B9101210020059E8DF88700002EC0F210
:10731000198125F08000049053EA020040F01181A9
:10732000002E40F02486002940F0808315F00103F0
:10733000089300F0A38330238DF85F310DF25F16C0
:1073400017E10C93049B43F010030493049B13F088
:10735000200200F055830B9B073323F007031946E7
:107360005A6851F8083B0B91049921F4806500217B
:10737000C8E79AF80030682B00F04E84049A42F077
:10738000400204924CE500BFFFFFEF7FB4C100084C
:10739000B0C1000888C30008049B9D0640F190839B
:1073A0000B9B069A1B681A60D2175A600B9B04331A
:1073B0000B9356460AE59AF800306C2B00F02284B5
:1073C000049A42F0100204922AE5049B43F0080359
:1073D00004939AF8003023E50C93049B43F01003C8
:1073E0000493049B9B063FF543AF04990B9ACF0689
:1073F00052F8043B00F14B8304994E0640F143865A
:107400000B9243F3C03211461BB23BE7049B43F09F
:10741000010304939AF8003002E59DF887209AF85A
:107420000030002A7FF4FCAC20228DF88720F7E49E
:10743000049B43F0800304939AF80030F0E4504634
:1074400010F8013B2A2B01F0E581A3F13002092A53
:1074500098BF002101F2E48010F8013B01EB8101AB
:1074600002EB4101A3F13002092AF5D941EAE172A8
:1074700005928246D6E40B9A049B43F0020552F82B
:10748000043B0B9247F63002ADF8882078209B4AE7
:107490001592022100220C9034E70C9B652B40F3DF
:1074A0003381DDE9100100220023F9F71DFC0028DB
:1074B00000F0D2812D9B924A2260013301350122D6
:1074C000072B2E952D93626000F35C850834239B77
:1074D0000E9A934280F2C882149B169A1D44C4E906
:1074E00000232D9B2E950133072B2D9300F39E83B4
:1074F00008340E9B5E1E002E7FF7B7AD102E2D9B1D
:10750000DFF8009240F3E580DDF82480102704E0E6
:107510000834103E102E40F3DC8001331035072B69
:10752000C4E90097CDE92D35F2DD2CAA4146584635
:1075300001F0BCF9002840F0BF80DDE92D352FAC0B
:10754000E7E7049D012900F02881022958AE1FD1E8
:10755000159803F00F011B09415C06F8011D43EA71
:107560000273120953EA0201F3D158AB9B1B049535
:107570000893059908989DF8872081424FF00003F1
:10758000B8BF01460A93029112930F930D93CEE573
:1075900003F00701DB0843EA4273D208303153EAB3
:1075A0000207304606F8011DF2D1EF07DDD530297C
:1075B000DBD03023023806F8013C58AB1B1A049587
:1075C00008930646D5E7079B029A9F1A002F7FF77C
:1075D00036AD102F2D9BDFF82C9122DD2A464FF07F
:1075E00010084D46DDF8249004E0103F102F04F100
:1075F000080414DD01331032072BC4E90058CDE92B
:107600002D32F2DD2CAA4946584601F04FF90028E8
:1076100052D1103F102FDDE92D322FACEADCA94604
:10762000154601333D44072BCDE92D35C4F80090B4
:10763000676000F3DB84059B089A9F1A002F04F112
:1076400008047FF702AD102F2D9BDFF8B8901FDDE7
:107650002A464FF01008099D04E0103F102F04F156
:10766000080414DD013327491032072BC4E9001840
:10767000CDE92D32F1DD2CAA2946584601F016F944
:10768000D0B9103F102FDDE92D322FACEADC1546C2
:1076900001333D44072BCDE92D35C4F800906760D8
:1076A00000F38C810834D0E409992CAA584601F0E3
:1076B000FDF800283FF4EDAC0A9B002B3FF460ACD2
:1076C0000A995846FEF79AFF099B9B8903F04003ED
:1076D0005AE401333544072BC4F800906660CDE9C5
:1076E0002D357FF7C1AC09992CAA584601F0DEF878
:1076F0000028E1D12E9D2FACB7E400BFC0C1000827
:10770000F0C1000878C300080E9B2D9F012B05F1E6
:10771000010507F1010704F1080840F30B8101237B
:10772000072FCDE92D752660636000F38381149BDC
:10773000169A01371D44072FC8E90023CDE92D759E
:1077400000F3858108F108080E9BDDE910015C1E3D
:1077500000220023F9F7C8FA002840F0048101371D
:1077600001362544072FCDE92D75C8F80060C8F80B
:10777000044000F3EB8008F10808189BC8F80430B7
:1077800001371D44072F26ABCDE92D75C8F8003011
:10779000A9DC08F1080468E4049D0A2B72F10001D9
:1077A00080F05E8330338DF85F31012304950893B8
:1077B0000DF25F16DDE609992CAA584601F076F81D
:1077C00000287FF479AF2E9D2FAC34E409991393F0
:1077D0002CAA584601F06AF800287FF46DAF2E9D60
:1077E000139B2FAC18E4B44A2D9B1392102E1FDD6F
:1077F000DDF824801027914604E0103E102E04F19D
:10780000080415DD01331035072BC4E90097CDE9D5
:107810002D35F2DD2CAA4146584601F047F80028E4
:107820007FF44AAF103E102EDDE92D352FACE9DC98
:107830000133139A3544072BC4E90026CDE92D35D1
:107840007FF71CAC09992CAA584601F02FF80028A4
:107850007FF432AF2E9D11E42399002940F3518328
:10786000DDE90D329342A8BF1346002B98460ADD8E
:107870001D44C4E900632D9B2E950133072B2D93E6
:1078800000F3618608340D9FB8F1000FA8BFA7EB85
:107890000807002F00F3F5810D9B33440593049BEB
:1078A0005F0500F11582239B0E9A9342C0F2A082DD
:1078B000049AD00700F19C820E9AB718D61A059B3D
:1078C000FF1AB742A8BF3746002F0ADD23602D9B61
:1078D000676001333D44072B2E952D9300F3658699
:1078E0000834002FA8BFF61B002E7FF7BEAB102E6A
:1078F0002D9BDFF8C8917FF7ECAEDDF824801027D0
:1079000004E00834103E102E7FF7E3AE013310354B
:10791000072BC4E90097CDE92D35F2DD2CAA4146AD
:10792000584600F0C3FF00287FF4C6AEDDE92D35D0
:107930002FACE7E7049BD9073FF5F1AE0123072FF2
:10794000CDE92D75266063607FF717AF09992CAAE2
:10795000584600F0ABFF00287FF4AEAEDDE92D7590
:107960000DF1BC0809E70E9B012B7FF706AF112B29
:10797000DFF8489140F35C83CDF814A01026CA4686
:10798000DDF8249005E008F10808103C102C40F3C5
:107990004C8301371035072FC8E900A6CDE92D75B6
:1079A000F1DD2CAA4946584600F080FF00287FF4FC
:1079B00083AEDDE92D750DF1BC08E6E709992CAA27
:1079C000584600F073FF00287FF476AE2E9D2FAC52
:1079D000FFF73BBB0B9915F0100051F8043B0CD19D
:1079E00015F0400604D00B919BB20246012189E4B8
:1079F00015F400721CBFDBB232460B91012181E409
:107A000004980B9910F0100051F8043B3DD1049AF2
:107A100012F0400534D09BB202460B91A4E45B42C5
:107A2000049D62EB42022D2001216CE4059B08932A
:107A300058AE9EE509992CAA584600F037FF002859
:107A40007FF43AAEDDE92D750DF1BC086FE60999BA
:107A50002CAA584600F02AFF00287FF42DAEDDE95D
:107A60002D750DF1BC086FE6049BDB077FF5FDAAC1
:107A700032E50B939AF80030FFF7D2B958AE78E5AB
:107A8000049A12F4007240F009840B916CE40B929A
:107A9000DA171146FFF7F6BB179A9AF80030002A5A
:107AA0003FF4BEA91278002A3FF4BAA9049A42F41E
:107AB00080620492FFF7B4B988C3000878C3000855
:107AC000049BD80600F1AB82049B590600F1E083C9
:107AD000049B9A0540F1A3820B9B069A1B681A70BF
:107AE00064E4DDE9100102460B46F9F72FF900289E
:107AF00040F01E860C9B612B00F03185412B00F07D
:107B00004E85059B013300F002840C9B23F020037B
:107B1000472B00F0E1850A90DDE91001049A002965
:107B200042F48079C0F2F9849DED107B8DED1E7BCF
:107B3000002313930C9B413B252B00F22583DFE8A8
:107B400013F02904230323032303EA03B5042303C7
:107B500023032303230323032303230323032303F5
:107B600023032303230323032303230323032303E5
:107B700023032303230323032303230323032303D5
:107B800023032904230323032303EA03B504049DE9
:107B90000C93FFF7A9BB0C93AD4B1593049B13F00B
:107BA000200200F033810B9B073323F007031946B3
:107BB0005A6851F8083B0B910498C1070BD553EA5A
:107BC000020108D00C998DF8891040F0020104914F
:107BD00030218DF88810049921F480650221FFF787
:107BE00091BB0C93FFF7B2BB0C939A4B1593D5E75F
:107BF0000B9B1B688DF8FC300123029308933FAE6A
:107C0000FFF7F5BA049B43F0200304930AF1010A3D
:107C10009AF80030FFF704B9049B43F4007304930F
:107C20000AF1010A9AF80030FFF7FAB809992CAA6C
:107C3000584600F03BFE00287FF43EAD2E9D2FAC51
:107C400057E4059B0A96062B314628BF0623059666
:107C500032460293804E0B97089312910F910D912B
:107C6000FFF765BA40215846FEF7C4FD099B18602E
:107C70001861002800F00386099A40235361FFF73A
:107C800093B8102F2D9BDFF8D49140F30B82494617
:107C90002A46B146099D4FF010080E4604E008340C
:107CA000103F102F40F3FA8101331032072BC4E943
:107CB0000068CDE92D32F2DD2CAA2946584600F0A5
:107CC000F5FD00287FF4F8ACDDE92D322FACE7E7B5
:107CD0000E9BCDF830A006EB03090F9BDDF85CA0EE
:107CE000DDF848800D96002B22462946059C099D0B
:107CF000CDF81490DDF8709031DDB8F1000F40F34D
:107D00003B8108F1FF382D98199B01304944072821
:107D1000C2E900392E912D9000F387800832059B2F
:107D20009AF800001F1B8742A8BF0746002F0CDDF2
:107D30002D98013039440728C2E900472E912D9033
:107D400000F360819AF800000832002FACBFC61B18
:107D50000646002E16DC04440F9B002BCDDCB8F148
:107D6000000FCEDCDDE90D632046F318984214467F
:107D7000024628BF1A46CDF85CA00D46DDF830A0BB
:107D8000059290E5102E2D98344B23DD0894102792
:107D900034461E4604E0103C102C02F1080216DDA9
:107DA00001302E4B10310728C2E90037CDE92D01F3
:107DB000F1DD2CAA2946584600F078FD00287FF412
:107DC0007BAC103C102CDDE92D012FAAE8DC3346FA
:107DD0002646089C1360013031440728CDE92D0167
:107DE000566000F3A2839AF8000008320444B3E717
:107DF000149A16991544C4E900122D9A2E95013251
:107E0000072A2D9200F3BE83083455E504980B9998
:107E100010F0100051F8043B17D1049A12F04005FD
:107E20000ED09BB202460B91C6E62CAA29465846B4
:107E300000F03CFD00287FF43FAC2E992FAA6EE79E
:107E4000049A12F4007240F01F820B91B4E600BF56
:107E5000D4C10008C0C10008E8C1000878C3000808
:107E600000210894DFF81C93179CCDF810A005F4AE
:107E7000806758AE4FF0050802958C4605E00A2B46
:107E800072F1000234D353462A46991841F1000199
:107E9000A9FB010525F0030000EB9500091A581A0B
:107EA0004FF0CC3562F1000E05FB00F5A0FB09A0F8
:107EB00009FB0E550AF0010E0544AEFB080E4018F2
:107EC0004FEA5A0A303006F8010C4AEAC57A0CF13A
:107ED000010C013E6D08002FD1D021788C45CED108
:107EE000BCF1FF0FCBD00A2B72F1000280F0E780CB
:107EF0001794DDF810A0029D089CCDF838C0FFF75C
:107F000034BB2D9B9E4A2260013301350122072B91
:107F10002E952D93626000F31B810834002940F0F8
:107F20009380049B0E9A03F0010313433FF49DA832
:107F3000149B169A1D44C4E900232D9B2E950133F2
:107F4000072B2D9300F3D68104F108028DE00999E7
:107F500013932CAA584600F0A9FC00287FF4ACAB80
:107F60009DF887202E9D139B2FACFFF746B8012963
:107F7000049D7FF4EAAA15E40F9B013B0AF1FF3A46
:107F80000F93C0E609992CAA584600F08FFC0028F0
:107F90007FF492AB2E9D2FACFFF799BA0DF1A80894
:107FA0000822002140462596FEF7AAF9059B002BE2
:107FB000C0F292800025029799462F460EE03FA915
:107FC000584602F06BFA431C384400F08F83484552
:107FD00009DC05F1040500F0BD830746259A5259D6
:107FE0004346002AEBD10897029F83E009992CAA07
:107FF000584600F05BFC00287FF45EAB2E9D2FAC52
:10800000FFF71DB82CAA2946584600F04FFC00285F
:108010007FF452AB9AF800002E992FAA95E60B9B9D
:10802000069A1B681A60FFF7C1B9D146DDF814A0A3
:10803000C8F8009001372544072FCDE92D75C8F801
:1080400004407FF798AB81E4149B169A1D44C4E961
:1080500000232D9B2E950133072B2D9300F34A818E
:1080600004F108020029C0F2E0820E991660013383
:108070000D44072BCDE92D3551603FF734AB02F1AC
:108080000804FEF7F2BF04990B928D054ABF43F333
:10809000C012DA175BB21146FFF7F4B81546324644
:1080A0004E46914601333D44072BCDE92D35C4F8AA
:1080B0000090676000F312810834FFF7EDBB1C9B52
:1080C0001999F61A1A46304600F042FD637803B15A
:1080D00001344FF0000CD6E600231946CDF800809D
:1080E00025AA584602F000FA03460133089000F032
:1080F000FD822596089B002B36D0632B00F3E4808D
:1081000000230A933FAE082200214046FEF7F8F80C
:10811000089DCDF800802B4625AA3146584602F02E
:10812000E3F9854240F0A58308990B970023735427
:1081300021EAE1719DF887200593029112930F9334
:108140000D93FEF7F4BF2D228DF88720FEF7DCBFDC
:1081500009992CAA584600F0A9FB00287FF4ACAA84
:1081600023992E9D2FACD9E6089B9DF887200B976D
:108170000293059312930F930D930A93FEF7D7BFC3
:10818000F0C10008CDCCCCCC2AAB019325AB009339
:10819000022123AB9DED1E0B059A584600F054FEBC
:1081A000049BD907064600F1FC812A9B1B1A0E93FB
:1081B000239B0D930D9BDA1C03DB059A9A4280F2F8
:1081C0008B810C9B023B0C930D9B013B9DF8302057
:1081D00023930021002BB8BF0D9B8DF89820BABFC8
:1081E000C3F101032D222B22092B8DF8992040F396
:1081F00065820DF1AF05B34F2A461046A7FB031267
:10820000D20802EB8201A3EB4101303100F8011CDE
:1082100019466329134600F1FF32EEDC303302F8D1
:10822000013C831EAB4280F021830DF1990213F8CB
:10823000011B02F8011FAB42F9D158AB181AA0F18B
:10824000AD0318930E9B189A012B1A44089240F321
:108250005882089B149A13440893049B089A23F4A9
:10826000806343F48073049322EAE2720023129342
:1082700002920F930D93139B002B40F01B819DF8EE
:1082800087200593FEF753BFDBB22A460B9193E498
:108290000B9B069A1B681A80FFF788B8DBB22A4648
:1082A0000B91FFF761B8099C2CAA2146584600F0B3
:1082B000FDFAA38903F04003FEF766BE3046F8F7E7
:1082C0003FFA0146FEF7C0BF591C5846FEF792FA26
:1082D0000646002800F0DB820A9014E709992CAAD0
:1082E000584600F0E3FA00287FF4E6A92E9D2FAC53
:1082F000FFF7D2BA09992CAA584600F0D7FA0028FD
:108300007FF4DAA9DDE92D3523992FAAAAE6062301
:108310000A90059300E4059B022103F101082AABB2
:10832000019325AB00939DED1E0B23AB42465846AF
:1083300000F08AFD0C9B23F02007462F064600EB39
:10834000080518BF452705D13378302B00F03C8154
:10835000239B1D44DDE91E0100220023F8F7C4FC25
:10836000002840F059812A9BAB4206D230215A1C8A
:108370002A9219702A9B9D42F9D8239A0D929B1B31
:10838000472F0E933FF416AF462F00F02B810D9B25
:10839000013B1BE723A89DED1E0B00F04BFC0022C8
:1083A0004FF07F5351EC100BF8F736FA02460B46AC
:1083B000CDE9022300220023F8F796FC08B101233F
:1083C0002393059B404A0C98CDF820A0591E3F4BA3
:1083D0000D96612808BF1A463746A0460592DDE98A
:1083E00002458A46164609E0002200230AF1FF39B9
:1083F000F8F77AFC002840F0BB81CA46344B0022D3
:1084000020462946F8F708FA0D460446F8F7B4FC6A
:108410008146F8F727F802460B4620462946F7F72B
:10842000D3FE16F80930BAF1FF3F3A46044607F882
:10843000013B0D46D8D1CDE90245264BDDF820A001
:108440000D9E4446904600224D46F8F775FC0028E4
:1084500000F0FF81059BCDF8A880D97B17F8012C8F
:1084600091423B4609D1302003F8010C2A9B5A1E49
:108470002A9213F8012C9142F6D0392A0BBF059AA3
:108480000132927AD2B203F8012C3B469B1B0C9A24
:108490000E93239B0D93612A03F1FF33239300F086
:1084A000B381412150220C91012193E6DDF8148023
:1084B000032134E72D2200238DF887200593FEF752
:1084C00039BE00BFCDCCCCCCD4C10008C0C100089F
:1084D000000030400000E03FDDE90D23934200F34F
:1084E000C480049B13F0010F0D9B00F00F81149AC0
:1084F00013440893049B5F0503D50D9B002B00F3E9
:108500004781089B23EAE373029367230C930023BC
:10851000CDF8109012930F93ADE601F100431F9335
:108520002D231E901393FFF705BB2CAA294658460E
:1085300000F0BCF900287FF4BFA89AF800002E993B
:108540002FAA044408E409992CAA584600F0AEF971
:1085500000287FF4B1A82E9D2FACFFF794B97823A3
:108560008DF88930049B43F00203049330238DF887
:108570008830059B632B00F38E8000230A933FAE67
:10858000FFF7CABA09992CAA584600F08FF90028BB
:108590007FF492A8239B2E9D2FACFFF78DB9582313
:1085A000DEE7059B4727C518D4E609992CAA58464B
:1085B00000F07CF900287FF47FA8239E0E9B2E9D5F
:1085C0009E1B2FACFFF78DB9DDE91E0100220023B1
:1085D000F8F78AFB002800F01981239B0D931D44B6
:1085E000AB1B0E93049B0D99059A03F00103002920
:1085F00043EA020340F31A81002B40F0F2800D9B06
:10860000089366230C93049B5B0500F1C380089BD1
:1086100023EAE37302937AE7239A0D922B46AEE6A0
:10862000002282460592FEF7FDBB4F421031DFF873
:108630007892B8BF102404DB21E00832103F102FDD
:108640001DDD01331035072BC2E90094CDE92D352E
:10865000F3DD09992CAA584600F028F900287FF488
:108660002BA8DDE92D352FAAE8E70E9B149A9A185E
:108670000D9B0892002B71DD67230C93C3E7013338
:108680003D44072BCDE92D35C2F80090576000F32B
:10869000AF800832E9E4591C5846FEF7ABF80646AD
:1086A00010B10A90FFF738BA099A938943F0400352
:1086B00093814FF0FF330693FEF769BC002934D154
:1086C00030228DF89A200DF19B02303302F8013BE5
:1086D00026ABD31A1893B5E5059B002B7FF41BAA94
:1086E000059B0A9301230593FFF716BA099BB3F97B
:1086F0000C3000220A9243F04003099A9381FEF75E
:10870000DBBF049BDB077FF5A8ADA2E50893F1E68C
:10871000059B0293089373239DF887200B97059080
:1087200012900F900C93FEF702BD0DF19A02CCE768
:10873000119B5A4E002B049BA8BF9DF8872023F065
:108740008003B8BF2D220493B8BF8DF88720544B07
:10875000FEF7E0BC059B029F0893CBE4C3F1010345
:108760001A4422EAE2730293672308920C93CEE63E
:1087700051460029DDF820A00D9E4446FFF685AE47
:108780004B1C3B44302207F8012B9F42FBD17DE676
:1087900067230C9317990B78FF2B74D000250D9A43
:1087A000284603E001300131FF2B08D0934206DA5E
:1087B000D21A4B78002BF5D10B780135F4E71791DD
:1087C0000D920F901295129A0F9B1C99CDF8109054
:1087D0001344089A01FB0323089323EAE3730293EB
:1087E00049E5149B1A445318089366230C930AE72F
:1087F00009992CAA584600F059F800287EF45CAF7D
:10880000DDE92D352FAA30E470224DE6C8F10103D1
:1088100023939EE50B9A9AF8013052F8041B0B92B1
:1088200041EAE17182460591FEF7FABA2BB90123BC
:10883000662202930C92089369E6149B03F10108E7
:10884000059B4344089323EAE373029366230C9346
:108850005DE6DDE90201134B0022F8F745FA002836
:108860003FF413AEE8077FF510AEF3E5022318934B
:10887000E8E4099BB3F90C3043F040033DE70C23D7
:10888000CBF8003015E7002312930F939BE7099B69
:108890000A90B3F90C3043F040032EE7BCC1000846
:1088A000B8C100080000E03F78C300082DE9F84394
:1088B000154692682C68FAB180468946083401E072
:1088C0000834CFB16B68591E002B1746696013DD61
:1088D00054F8046C002EF3D0334654F8082C494663
:1088E000404601F00DFE431C07D0AA68921B1746B4
:1088F000AA600834002FE5D100200023C5E9013328
:10890000BDE8F88370B500293FD006460C4610B18B
:10891000436B002B3CD0636EB4F90C20DD0732D4DE
:10892000900538D52146304600F04CF8E36A0546FC
:1089300033B1E169304698470028B8BF4FF0FF35A2
:10894000A3891A0639D4216B41B104F1400399423D
:1089500002D03046FDF752FE00232363616C21B143
:108960003046FDF74BFE00236364FDF737FC636E72
:108970000022DB07A2811CD5A06DFDF7CDFDFDF720
:1089800033FC284670BD002ACCD10025284670BD96
:10899000FDF706FCBFE7A06DFDF7C0FDB4F90C3094
:1089A000002BBFD1636ED907EFD4A06DFDF7B8FDE2
:1089B000EBE7A06DFDF7B4FDDEE721693046FDF77A
:1089C0001DFEC0E7B1F90C202DE9F04116070C4659
:1089D00080464ED4496842F400630029A38163DDD8
:1089E000A56A002D42D0002112F48052D8F8006010
:1089F000C8F80010E16964D101234046A847451C2E
:108A000002466ED0B4F90C30A56AE169580705D565
:108A10006368D21A236B0BB1E36BD21A0023404672
:108A2000A847431C4FD1D8F80010B4F90C301D29C9
:108A300040D8314ACA40D7073CD52269226023F486
:108A40000062A281DD044FF00002626001D50029BE
:108A500045D0216BC8F8006041B104F14003994250
:108A600002D04046FDF7CAFD002323630020BDE885
:108A7000F0810E69002EF9D00D680E6092070CBFD0
:108A80004B690023AD1B8B600BE02B463246E1693E
:108A9000676A4046B847B0F1000CA5EB0C05664488
:108AA00006DD002DF1DCE1E7E16B002998DCDDE774
:108AB000B4F90C3043F04003A3814FF0FF30BDE820
:108AC000F081226DA2E7B4F90C302269226023F410
:108AD0000062A281DB044FF000026260B9D520651C
:108AE000B7E7D8F80030002B8CD01D2B01D0162B07
:108AF000DED1C8F80060B9E70100402038B50C4667
:108B0000054608B1436B03B3B4F90C0088B1636E3A
:108B1000DB0701D481050FD528462146FFF752FF18
:108B2000636EDA07054602D4A3899B0508D528465B
:108B300038BD0546284638BDA06DFDF7EFFCEBE7D4
:108B4000A06DFDF7EDFC284638BDFDF729FBDBE7FE
:108B500040EA01039B0710B501D1032A17D88446C8
:108B600001F1FF3E07E01EF8011F03F8011B541E30
:108B700029B19C4622466346002AF4D110BD944494
:108B8000002CFBD003F8011B6345FBD110BD8E46C2
:108B90008446DEF80040A4F1013323EA040313F015
:108BA000803F71460EF1040EDAD1043A032A4CF8E4
:108BB000044BEED87146D3E7014B93F82801704778
:108BC00078050020004870476806002038B5074D3A
:108BD0000022044608462A60F8F7A2FD431C00D094
:108BE00038BD2B68002BFBD0236038BDA04F002080
:108BF00038B5074D074C2C1BA41005D0013C55F887
:108C0000043D9847002CF9D1BDE8384003F042BA42
:108C1000D0C50008CCC50008082802D14FF4805008
:108C2000704708B5FDF748FC162303604FF0FF308E
:108C300008BD00BF70B555EC104B0646134825F033
:108C400000430021834231601DD8204618431AD0CA
:108C50000F4828402A4658B90E4B00222046294684
:108C6000F7F7DAFD0A4621F0004304466FF03501BC
:108C70001B156FF31E52A3F2FE3342F07F550B44D7
:108C800045F40015336045EC104B70BDFFFFEF7FDE
:108C90000000F07F000050432DE9F8431B4D0646CD
:108CA000286898460F469146FDF738FC184B1C681B
:108CB0001CB3286865681F2D22DC4EB96B1C023579
:108CC000636044F82570FDF72BFC0020BDE8F883B5
:108CD00004EB85010123C1F88890D4F88821AB40CA
:108CE0001A43022EC4F88821C1F80881E6D1D4F8CD
:108CF0008C211A43C4F88C21E0E7064C1C60D8E7AD
:108D0000FDF70EFC4FF0FF30E0E700BF60010020F0
:108D1000B04F0020E84F00202DE9F04F03690C69A7
:108D2000A34283B0C0F28A80013C01F1140500F136
:108D3000140855F8243058F8242001339A428E46FE
:108D400081464FEA840105EB840708EB840AB2FBF5
:108D5000F3F63AD3CDE900150022AC46404613465F
:108D60005CF8041B05681FFA81FB06FB0B22090C4B
:108D70004FEA124B06FB01BB92B2A9B2891A194401
:108D80001FFA8BF3C3EB214303EB154389B241EA8E
:108D90000341674540F8041B4FEA1B424FEA234357
:108DA000DED2DDE9001558F8013073B9AAF1040AE2
:108DB000D04504D307E0D04504F1FF3403D25AF87C
:108DC0000439002BF7D0C9F810407146484601F02D
:108DD00019FA00282EDB4146002255F8040BD1F881
:108DE00000C01FFA80FE1FFA8CF3A3EB0E0313449E
:108DF000020CC2EB234202EB1C429BB243EA024349
:108E0000AF4241F8043B4FEA2242E6D258F8242010
:108E100008EB84036AB9043B434504D807E098454E
:108E200004F1FF3403D253F80429002AF7D0C9F81B
:108E300010400136304603B0BDE8F08F002003B08B
:108E4000BDE8F08F000000002DE9F04F9DB0CDE9A6
:108E50000A320291816B269D04908DED060B57EC32
:108E6000106B49B1C26B4A600123934004468B608A
:108E700000F066FF0023A363B7F10009B4BF01232C
:108E800000232B60764BBCBF29F00049CDF81C9025
:108E900033EA090300F0AA809DED067B002251EC25
:108EA000170B00238DED007BF7F71EFF804668B19E
:108EB0000A9A01231360279B13B1279A694B136009
:108EC000694B059305981DB0BDE8F08F9DED000B33
:108ED00004981AAA1BA901F073FA5FEA1955824691
:108EE00040F09A80DDE91A85454405F23243202B93
:108EF00040F38A83C3F1400309FA03F905F21243F0
:108F000026FA03F349EA0300F7F79CFA0123013D2F
:108F1000A1F1F8711293554B0022F7F755F94AA3C6
:108F2000D3E90023F7F778FC49A3D3E90023F7F747
:108F30004DF9064628460F46F7F794FA46A3D3E9BB
:108F40000023F7F769FC02460B4630463946F7F72F
:108F50003DF906460F46F7F70FFF00220446099039
:108F6000002330463946F7F7C9FE002840F0228337
:108F7000099CA8EB050808F1FF33162C089300F2B2
:108F80008A813B4B03EBC403D3E90023DDE90001F5
:108F9000F7F7B4FE002871D0631E099300231193E4
:108FA000089B002BC0F27D8100230C93099B002BB2
:108FB0006ADA099B0C9A0D93D21A0C925A4200233A
:108FC0000993029B1092092B68D8052B40F321834B
:108FD000043B02930025029B023B032B00F23686E2
:108FE000DFE813F06E046B04630447040A9AC9F3C4
:108FF000130942F20F7359EA060913601CD1279B2B
:10900000002B00F043861B4B05930833279A0598E5
:1090100013601DB0BDE8F08FDDE90012C2F3130349
:10902000084643F07F51CDF84880A5F2FF35DDF8C2
:10903000688041F440116EE7279B002B40F0F483D9
:109040000D4B05933EE700BF61436F63A787D23F97
:10905000B3C8608B288AC63FFB799F501344D33F27
:109060000000F07FF1C10008F0C100080000F83FE7
:10907000D0C300083CC2000848C20008B8F1000F85
:1090800040F3A38411900C90DDE908321344089357
:1090900000231093029B0D92092B96D900230125E2
:1090A00002930E954FF0FF3B0B93049BCDF84CB011
:1090B0000021D963049800F01DFE0590002800F0FF
:1090C000CE85DDE90432BBF10E0F9A6300F2188100
:1090D000002D00F015810D99002940F34684B34B13
:1090E00001F00F0203EBC203C805D3E900894FEA80
:1090F000211540F10884AE4BDDE90001D3E90823D6
:10910000F7F7B4FCCDE9140105F00F0503277DB195
:10911000A74EE90708D540464946D6E90023F7F7A8
:109120007BFB0137804689466D1006F10806F0D1B9
:1091300042464B46DDE91401F7F798FC8046894624
:10914000119B43B19B4B002240464946F7F7D6FDA1
:10915000002840F00B853846F7F784F942464B4625
:10916000F7F75AFB944B0022F7F730F8A1F1507350
:10917000CDE914011593BBF1000F00F0A8800D9B01
:10918000CDE918B349464046F7F7F6FD189A874BE4
:1091900003EBC20313ED027B05468DED167BF7F75B
:1091A00061F90B46024649464046F7F70DF8059F20
:1091B0000E9B30357E1CECB2804689463546002B2E
:1091C00000F06C84DDE916237C490020F7F74EFCA3
:1091D000DDE91423F6F7F8FF3C7042464B4604469F
:1091E0000D46F7F7A9FD002840F0B884CDF850A04F
:1091F000CDF858B00027AB46A246189D2AE00137AB
:10920000AF4280F2FD846E4B504659460022F7F77C
:1092100003FB6B4B002282468B4640464946F7F7DC
:10922000FBFA89468046F7F7A7FD0446F7F71AF9D7
:1092300002460B4640464946F6F7C6FF303406F86C
:10924000014B52465B4680468946F7F757FD00289A
:1092500040F0D38442464B4656490020F6F7B4FF0F
:1092600052465B46F7F74AFD0028C8D0199BDDF847
:1092700050A0059A374603F1010802E0974200F03A
:109280009B843E4617F8013D392BF7D00133DBB202
:109290003B7045467DE101231193089B002BBFF6EF
:1092A00083AEC8F101030C93002308937EE6384691
:1092B000F7F7D8F842464B46F7F7AEFA3E4B002296
:1092C000F6F784FFA1F15073CDE9140115933D4BDE
:1092D000002240464946F6F777FFDDE9144522466D
:1092E0002B4606460F46F7F727FD002840F073840B
:1092F00030463946224605F10043F7F7FFFC28BB0C
:109300001B9B002BC0F290800D9A0E2A00F38C80DC
:10931000264B0D9A03EBC20393ED007B0B9B002BB6
:109320008DED027B19DABBF1000F16DC0ED1254B57
:109330000022DDE90201F7F76FFA02460B46DDE98C
:109340000001F7F7E5FC002800F045840023059EA6
:1093500000931F460B9BDD432DE2059B5D1CDDE961
:109360000278DDE900013A464346F7F77FFBF7F75D
:1093700003FD0646F7F776F83A464346F7F74CFA08
:1093800002460B46DDE90001F6F71EFF059A06F1DD
:109390003003BBF1010F2F46137000F0218301252C
:1093A000CDF800A0A846DDE9029A2BE0D0C3000862
:1093B000A8C300080000F03F00001C400000E03F90
:1093C00000002440000014404A46534620462946E7
:1093D000F7F74CFBF7F7D0FC0646F7F743F84A4699
:1093E0005346F7F719FA08F101080B4602462946D9
:1093F0002046F6F7E9FE06F13003D84507F8013BB1
:1094000000F0EC82844B0022F7F706FA00220023DA
:1094100004460D46F7F768FC0028D5D00D9DDDF811
:1094200000A001353E46B4E00E9A002A40F0D880F4
:109430000023109E0C9D0E931F4665B1089A002ACA
:1094400009DD0C99AA421346A8BF2B46C91AED1A8A
:10945000D31A0C910893109B53B10E9B13B1002E9D
:1094600040F0F7825146109A049800F0F9FD8246C8
:109470000498012100F010FD099B0090002B40F0A2
:10948000BE81029B012B40F3D4810120089A104435
:1094900010F01F0000F09B80C0F12003042B40F36C
:1094A000E3810C9BC0F11C00034402440C9305446F
:1094B00008920C9B002B05DD514604981A4600F0DB
:1094C00029FE8246089B002B05DD009904981A4668
:1094D00000F020FE0090119B002B40F07581BBF145
:1094E000000F40F34C810E9B002B40F0A4800D9D9B
:1094F0000135DDF81480009CDDF81090012607E0AE
:10950000514600230A22484600F024FC01368246D8
:1095100021465046FFF700FCB34500F1300008F843
:10952000010BEDDCBBF1000F059BCCBF5E460126B5
:10953000814603EB060B002451460122049800F0FB
:10954000E9FD0099824600F05DFE002840F3EE81BF
:10955000059A02E0934500F003825E460BF1FF3B63
:1095600016F8013C392BF5D001338BF80030DDF8CB
:1095700010800099404600F0E3FB57B12CB1BC428B
:1095800003D02146404600F0DBFB0498394600F04A
:10959000D7FB0498514600F0D3FB002333700A9B9D
:1095A0001D60279B002B3FF48DAC05981E601DB0FD
:1095B000BDE8F08F2046F6F755FF32463B46F7F7F9
:1095C00093FB00287FF4D4AC631E0993D0E41C23E2
:1095D0000C9A1A440C92089A1A441D44089268E79F
:1095E000029A012A40F3AD81109B0BF1FF36B34282
:1095F000C0F26981BBF1000FA3EB060680F2EF8297
:109600000C9BA3EB0B056CE1C3F1200306FA03F0FE
:109610007AE40125DFE400BF00002440394600233E
:1096200004980A2200F096FB139B002B074640F398
:10963000FF820D969B46002D05DD394604982A468B
:1096400000F068FD0746099B002B40F0E681B84614
:10965000059E731E03EB0B04069B03F00103CDE98B
:109660000B43049C00995046FFF756FB394683464E
:10967000504600F0C7FD009905464246204600F0DE
:10968000E3FDC3680BF130090146ABBB09905046BE
:1096900000F0B8FD09990890204600F051FB089AA7
:1096A000002A54D1029B1BB90C9B002B00F0AE8208
:1096B000002D3FDB0B9BB3469E420BF8019B00F055
:1096C000C381514600230A22204600F043FB474550
:1096D000824639464FF000034FF00A02204630D050
:1096E00000F038FB4146074600230A22204600F0DE
:1096F00031FB5E468046B5E7049800F021FB002D63
:1097000006DB069B03F00102029B1D432A4329D17D
:1097100051460122049800F0FDFC0099824600F0B9
:1097200071FD002840F3F680B9F1390F00F049824D
:109730000BF131090D9D06F8019B3C46013547466A
:1097400015E700F007FB5E46074680468AE7002DD6
:10975000C0F29382029B1D430C9B1D4300F08D823F
:10976000002AA7DDB9F1390F00F02B820D9D09F118
:1097700001033C4606F8013B01354746F7E6029BEC
:10978000022B7FF7B0AEBBF1000F40F025810099AE
:1097900004985B46052200F0DDFA01460090504631
:1097A00000F030FD002840F31781059E0D9D312308
:1097B00006F8013B01350099049800F0C1FA013523
:1097C000002F7FF4E2AEE4E60099504600F01AFD67
:1097D0000028BFF684AE5146002304980D9C0A224F
:1097E00000F0B8FA0E9B661E8246002B7FF416AF7F
:1097F000139B002B40F311820D9D9B4679E6014699
:109800001A46049800F02CFC029B0090012B6EDDA0
:1098100000230993009A136902EB8303186900F08F
:10982000E9FAC0F1200031E6984B05930333FFF7C6
:10983000EDBB069B002B7FF428AEDDE90612C2F3D8
:109840001303002B7FF421AE914B134033B10C9BDB
:1098500001330C93089B013308930123099A099360
:10986000002A3FF412AED5E73FF423AEC0F13C032B
:10987000AEE601230E930B9B0D9A134403F1010BEB
:109880005E46012E1393B8BF0126172E40F3F981CF
:10989000012204235B0003F11400B042114602F1DF
:1098A0000102F7D9049BD96304E401230E930B9EB4
:1098B000002E36DD1396B346E7E700230E93DAE772
:1098C00000230E93F3E7109B099A1096F31A1A449B
:1098D000089B09925B4408930C9B1D465B440C93C8
:1098E00000260498012100F0D7FA0746A5E5069B5B
:1098F000002B8DD1DDE90601C1F313030A46002BCD
:10990000A2D0099086E79DED007B02278DED147BA8
:10991000FFF7FDBB7FF40EAF19F0010F7FF404AF2A
:1099200008E701230B939B46FFF7BFBB03D119F058
:10993000010F7FF40DAE5E461BF8013D302BFAD0CF
:1099400015E6129A002A00F09C8003F23343089A2D
:10995000109E1A4408920C9A15461A440C92C0E7BD
:10996000059A31230135137001E600F0FA800D9A53
:10997000484B554205F00F0203EBC203D3E9002325
:10998000DDE90001F6F748FF2D11CDE9140100F0E3
:109990005881414E0023022780468946EA0709D5AF
:1099A000D6E9002340464946F6F736FF01378046A0
:1099B000894601236D1006F10806EFD1002B7FF4D4
:1099C000BFABDDE91489FFF7BBBBC8F10103089009
:1099D0000C931190FFF758BB059EBBE4DDF800A087
:1099E00002460B46F6F7F2FB0D9DCDE9000101356D
:1099F00002460B46DDE90201A846F7F77FF940B9B8
:109A0000DDE90023DDE90201F7F76EF918B1F3078C
:109A100001D5059A35E43E46BBE57968049800F027
:109A200069F90546002800F021813B6902339A005C
:109A300007F10C010C30F6F799FD04982946012234
:109A400000F068FB804603E60D9D3C460135474625
:109A500072E5049C39463246204600F001FB52462E
:109A600001460746204600F045FA5146804620460A
:109A700000F066F9109B9B1BC24610933FF4F8ACB4
:109A8000F0E41A9BC3F1360361E700BF48C2000847
:109A90000000F07FD0C30008A8C30008DDE916234A
:109AA000DDE91401F6F7B8FE059B1C70189B012B2D
:109AB000CDE90E0100F0C380189F059B12961F444C
:109AC0007A4B002240464946F6F7A6FE0D4604466C
:109AD000F7F752F98146F6F7C5FC09F1300902465D
:109AE0000B4620462946F6F76FFB06F8019BBE425F
:109AF00080468946E4D1129D6D4B0022DDE90E01BE
:109B0000F6F764FB02460B4640464946F7F714F960
:109B100000286CD1DDE90E2365490020F6F754FBDF
:109B200002460B4640464946F7F7E8F880B91B9BCA
:109B3000002BFFF67DAC0D9B0E2B3FF779AC5D4BF8
:109B40000D9A03EBC20393ED007B8DED027B06E4DF
:109B50003E46013F16F8013C302BF9D0199D0135E6
:109B600017E5DDE900890227FFF7EABABBF1000F2C
:109B70003FF49DAB139C002C7FF7C2AB0D9B013BC8
:109B80000022404649461993484BF6F745FE804669
:109B90008946781CF6F766FC42464B46F6F73CFED3
:109BA000454B0022F6F712FBA1F15073CDE91401E9
:109BB00018941593FFF7E6BA08F101083123FFF76F
:109BC00067BB0D9D059AB34639233C460BF8013B14
:109BD00001354746C1E4002300931F46E5E5089B95
:109BE0005B4408930C9B1D465B440C9379E6199BE0
:109BF000059A03F10108FFF744BBDDF850A0ADE77B
:109C0000DDF850A0DDF858B0FFF77ABBB9F1390F95
:109C1000D7D0002D3FF78CAD8CE5029B022B03DCE7
:109C20000D9DDDF84CB064E4DDF84CB00D96AAE56E
:109C3000029B022BF8DCDDF84CB00D96FBE43746B6
:109C40005AE7DDE914890227FFF77ABA049B002559
:109C5000DD632946184600F04DF80590D0B9174B42
:109C60001748002240F2AF1100F02AFD134B1448B0
:109C70002A4640F2EF2100F023FD002A3FF748ADCD
:109C800058E5049B0021D963FFF714BA0D4B0593E7
:109C9000FFF718B9DDE904329A634FF0FF33012270
:109CA0000B9513930E929B46FFF72ABB00002440AE
:109CB0000000E03FD0C3000800001C404CC2000878
:109CC00060C200083CC2000882B049B15AB16BB111
:109CD00013780B601278101E18BF012002B0704775
:109CE00001A9002AF3D1104602B070476FF00100BD
:109CF000F4E700BF436C70B505460C464BB153F812
:109D0000240080B1026843F824200023C0E9033313
:109D100070BD2122042100F0F3FC03466864002892
:109D2000EDD1002070BD012101FA04F6721D9200F0
:109D3000284600F0E5FC0028F3D0C0E90146E4E73E
:109D400031B1436C4A6853F82200086043F822108E
:109D5000704700BF2DE9F0410D6907460E461C46CD
:109D600001F1140E0020DEF800108BB202FB034359
:109D70004FEA134C090C02FB01CC01309BB203EB00
:109D80000C4385424EF8043B4FEA1C44EBDC3CB1EB
:109D9000B368AB4207DD06EB850301355C613561D5
:109DA0003046BDE8F081716838460131FFF7A2FF07
:109DB0008046A8B13269023206F10C0192000C30E3
:109DC000F6F7D4FB7B6C726853F82210316043F8CD
:109DD0002260464606EB850301355C613561DFE7AD
:109DE000024B03484246BA2100F06AFC4CC200080C
:109DF000BCC20008B0F5803F034636BF0304002014
:109E00001020B3F1807F3CBF1B020830B3F1805FAC
:109E10003CBF1B010430B3F1804F03D3002B06DBA2
:109E2000013070479B0003D45B0003D420207047AF
:109E30000230704703307047036813F00702014691
:109E400007D0DA071FD4980721D55B080B600120E3
:109E5000704798B2A0B11046DAB20AB908301B0AAE
:109E60001A0704BF1B0904309A0704BF9B0802307D
:109E7000DA0703D45B0800F1010006D00B607047DD
:109E80001B0C1020E8E700207047202070479B083B
:109E90000B600220704700BF38B5436C04460D4686
:109EA0004BB15868B0B102685A6000220123C0E982
:109EB0000323456138BD2122042100F021FC034623
:109EC00060640028EDD1094B0948002240F2451199
:109ED00000F0F6FB1C220121204600F011FC0028B6
:109EE000F1D001220223C0E90123DEE74CC20008C1
:109EF000BCC200082DE9F04FD1F810801569A845C3
:109F000085B00E46924605DB2A46534645468A46AC
:109F100090461E46DAF80830DAF8041005EB08041B
:109F2000A342B8BF0131FFF7E5FE8446002800F0E8
:109F30008B8000F1140707EB840E774505D23B4672
:109F4000002243F8042B9E45FBD8143606EB880804
:109F50000AF11409464509EB850566D2A5EB0A030B
:109F6000153B23F003030AF1150A043355452CBFB2
:109F70009B464FF0040BCDF808E00394AE46E24652
:109F800005E0090C2AD1B04507F104074AD956F873
:109F9000041B8DB2002DF4D0CC463C460023019624
:109FA0005CF8040B216886B28AB2000C05FB06221D
:109FB000090C1A4405FB001101EB124192B242EA6E
:109FC0000142E64544F8042B4FEA1143E8D8019ECC
:109FD00047F80B3056F8041C090CD4D03B6800221B
:109FE00048461D463C469446028801FB02C202EBED
:109FF00015429BB243EA024344F8043B50F8043B49
:10A0000025684FEA134CABB201FB0C3303EB124350
:10A0100070454FEA134CE7D3B04547F80B3007F1D2
:10A020000407B4D8DDE902E4D446002C02DC05E0E4
:10A03000013C03D05EF8043D002BF9D06046CCF81B
:10A04000104005B0BDE8F08F034B044862464FF462
:10A05000B17100F035FB00BF4CC20008BCC2000863
:10A0600012F003032DE9F041144607462CD10D46AA
:10A07000A4101CD03E6C86B3E3074FF0000806D452
:10A08000641014D03068A8B10646E307F8D532460C
:10A0900029463846FFF72EFF35B17B6C696853F8C7
:10A0A00021202A6043F8215064100546EAD1284651
:10A0B000BDE8F081324631463846FFF71BFF30607D
:10A0C000C0F800800646E0E7013B0F4A52F8232023
:10A0D0000023FFF73FFE0546CAE701213846FFF798
:10A0E00009FE064640B1012340F27122C0E9043264
:10A0F000002338640360BFE7044B0548324640F252
:10A10000451100F0DDFA00BF98C300084CC20008FA
:10A11000BCC200082DE9F0470C4690462769A368A9
:10A12000496807EB62177D1C9D4206464FEA62199B
:10A1300004DD5B009D4201F10101FADC3046FFF7CE
:10A14000D9FD8446002851D0B9F1000F00F1140068
:10A150000EDD09F105024FEA820E03460CEB820286
:10A16000002143F8041B9342FBD1AEF114031844C1
:10A17000216904F1140318F01F0803EB81012DD0AD
:10A18000C8F1200986464FF0000A1A6802FA08F260
:10A1900042EA0A024EF8042B53F8042B994222FAA1
:10A1A00009FAF2D80B1B153B23F00303043304F127
:10A1B0001502914238BF042340F803A0BAF1000F02
:10A1C00000D13D46736C6268CCF8105053F82210F1
:10A1D0002160604643F82240BDE8F087043853F818
:10A1E000042B40F8042F9942F9D8EAE7034B0448BE
:10A1F00062464FF4EF7100F063FA00BF4CC20008F2
:10A20000BCC200080B6984460069C01A16D10CF163
:10A21000140C14310CEB830210B401EB830301E046
:10A22000944508D252F8044D53F8041D8C42F7D0DF
:10A2300005D24FF0FF305DF8044B704770470120A6
:10A240005DF8044B704700BF2DE9F04F15460A69D1
:10A250002B69D21A002A83B0884640F0878001F12A
:10A26000140605F1140101EB830106EB830301E001
:10A270009E427ED253F8044D51F8042D9442F7D0FB
:10A2800075D32B460024454698466968FFF732FD92
:10A290008146002800F089802E69C460D8F810003B
:10A2A00005F1140B08F1140E09F1140A05F110025E
:10A2B0000EEB80000BEB860157464FF0000CCDF8FB
:10A2C00004B05EF8044B52F8045F1FFA84FBABB293
:10A2D000A3EB0B03240C6344C4EB154404EB2344AD
:10A2E0009BB243EA0443704547F8043B4FEA244CD1
:10A2F000E7D8A0EB080208F115084045A2F11502C5
:10A3000034BF0020012092080028DDF804B002F1DB
:10A3100001044FEA840408BF04240BEB0405A9429E
:10A32000544433D92746284650F8043B1CFA83FE90
:10A330001A0C634402EB2E429BB243EA0243814271
:10A3400047F8043B4FEA224CEED80139491B21F073
:10A3500003010C4423B954F8043D013E002BFAD00C
:10A360004846C9F8106003B0BDE8F08F89DA0124CF
:10A370008BE70021FFF7BEFC814678B10122002364
:10A38000C0E90423484603B0BDE8F08F00284FEA37
:10A39000820208BF00220AEB0204DBE7064B0748F3
:10A3A0004A4640F2372100F08BF9034B03484A46F6
:10A3B00040F2452100F084F94CC20008BCC20008FC
:10A3C0002DE9F0430E4683B0012159EC108B154660
:10A3D000FFF790FC0446002846D0C9F30A57C9F39A
:10A3E00013030FB143F480130193B8F1000313D1A9
:10A3F00001A8FFF721FD019B63610122203022614A
:10A400000FB3A7F233470744C0F135003760286027
:10A41000204603B0BDE8F08368460093FFF70CFDCB
:10A42000019BF8B10099C0F1200203FA02F2C34087
:10A430000A430193002B62610CBF01220222A36137
:10A440002261002FDDD104EB8203A0F232403060A4
:10A450001869FFF7CFFCC0EB42102860204603B01C
:10A46000BDE8F083009AE5E7034B0448224640F23A
:10A470000F3100F025F900BF4CC20008BCC2000833
:10A4800049B1FF2A02D80A70012070478A2303606D
:10A490004FF0FF3070470846704700BF70B5054663
:10A4A00084B05BB11C460F4BD3F8E060234669B122
:10A4B0002846B047431C0FD004B070BD094B00F5CF
:10A4C0008274D3F8E06023460029F1D10A46284679
:10A4D00001A9B047431CEFD100228A2322602B60E0
:10A4E00004B070BD7805002010B582B0049CCDE9A1
:10A4F00000344FF0FF3300F059FB02B010BD00BF35
:10A500002DE9F0478F681D46AF420B680C46164692
:10A5100036D8B1F90CC01CF4906F0ED13D461846E8
:10A5200031462A4600F04CF8A368DF1B2368A76079
:10A530002B4400202360BDE8F0874A69096902EBDB
:10A5400042025F1A02EBD2726B1C52103B449342E0
:10A5500092BF914699461A461CF4806F804611D0EE
:10A560001146FCF747F9824600B321693A46F5F7F0
:10A57000FDFFA38923F4906343F08003A38105E0EA
:10A580002F46CCE700F0F2F8824658B10AEB0703F9
:10A59000A9EB0707A760C4F810A0C4F814902360C3
:10A5A0002F46BCE721694046FCF728F8A3890C2216
:10A5B00043F04003C8F800204FF0FF30A381BAE712
:10A5C00088420ED98B1883420BD900EB020C002A6B
:10A5D0006ED0624613F801CD02F801CD9942F9D14F
:10A5E00070470F2A0FD8034602F1FF3C002A5FD0C4
:10A5F0000CF1010C013B8C4411F8012B03F8012FE5
:10A600006145F9D1704740EA01039B0751D1A2F19E
:10A61000100370B501F1200C23F00F0501F1100EAD
:10A6200000F11004AC441B095EF8105C44F8105CA7
:10A630005EF80C5C44F80C5C5EF8085C44F8085C5E
:10A640005EF8045C44F8045C0EF1100EE64504F17B
:10A650001004E9D1013312F00C0F01EB031102F0E9
:10A660000F0400EB031328D0043C24F003064FEA48
:10A67000940C1E441C1F8E465EF8045B44F8045F75
:10A68000B442F9D10CF1010402F0030203EB84039C
:10A6900001EB840102F1FF3C4AB10CF1010C013BDA
:10A6A0008C4411F8012B03F8012F6145F9D170BDDD
:10A6B000704702F1FF3C03469AE72246EAE700BFF3
:10A6C00000B50B4C25681446EE681A4685B0034663
:10A6D0000D464CB107490095CDE9011430460649B5
:10A6E00000F076FA01F0EEFB04490C46F3E700BFF8
:10A6F0001C00002018C3000828C3000824C3000859
:10A7000038B5A1FB021454BBFCF774F8054650B3EE
:10A7100050F8042C22F00302043A242A10D8132AF9
:10A7200013D91B2AC0E9004416D9242AC0E90244DF
:10A730000ABFC0E9044400F1100200F1180205E06C
:10A740002146FBF7DDFD284638BD02460023C2E95D
:10A7500000339360284638BD00F10802F6E7FBF7A6
:10A76000ABFE0C2303600025284638BD2DE9F84FC9
:10A770001646002900F096800C46804606F10B052F
:10A78000FCF7EAFA54F8041C162DA4F1080921F08C
:10A79000030758D81025AE4258D8AF4260DABE4BF6
:10A7A0009A6809EB070C6245DCF8040000F0908021
:10A7B00020F0010363445B68DB0768D420F00300EA
:10A7C0003B189D4247DDCB0712D454F8083CA9EB57
:10A7D000030BDBF8043023F00302104400EB070AFC
:10A7E000554540F3F68007EB020A554540F3CC800F
:10A7F00031464046FBF7FEFF0646002800F0208168
:10A8000054F8043C23F001034B44A0F108029342A6
:10A8100000F0B4803A1F242A00F2D780132A00F2F5
:10A82000A2800346224611681960516859609268F7
:10A830009A6021464046FBF7E1FE4046FCF792FA5B
:10A840003046BDE8F88F35F00705A4D50C23C8F8CD
:10A850000030002618E01F46DCE90223D3609A602E
:10A86000D9F804307A1B0F2A03F0010309EB070023
:10A870001DD83B43C9F80430436843F001034360EB
:10A880004046FCF76FFA26463046BDE8F88FC90708
:10A89000AED454F8083CA9EB030BDBF8043023F0EA
:10A8A0000302A0E7BDE8F84F1146FBF7A3BF09EB91
:10A8B00005012B4342F00102C9F804304A604368A5
:10A8C00043F00103436008314046FBF797FED7E7AA
:10A8D00020F00300C21905F1100C624580F291804E
:10A8E000CA0785D454F8082CA9EB020BDBF8042026
:10A8F00022F00302104400EB070AD4453FF773AF80
:10A900005E46DBF80C1056F8080F3A1F242AC16087
:10A91000886000F2AE80132A40F2A9802168CBF84B
:10A9200008106168CBF80C101B2A00F2A8800834CC
:10A930000BF110022168116061685160A16891609B
:10A940000BEB0501AAEB050242F0010299604A6097
:10A95000DBF8043003F001032B434046CBF804300E
:10A96000FCF700FA90E723680360636843601B2AE2
:10A970003CD804F1080200F1080354E750F8043C05
:10A9800023F003031F446BE73A1F5E46DBF80C30ED
:10A9900056F8081F242ACB60996022D8132A1ED9A2
:10A9A0002368CBF808306368CBF80C301B2A3BD8FF
:10A9B00008340BF1100322681A6062685A60A268BA
:10A9C0009A6034465746D9464AE72146FFF7F8FDD4
:10A9D0002FE7DCE902133A1FCB609960D5E73346D5
:10A9E000E9E721463046FFF7EBFDEAE7A36883601D
:10A9F000E368C360242A27D004F1100200F1100399
:10AA000011E709EB05019960531B43F001034B600B
:10AA100054F8043C03F001032B43404644F8043C43
:10AA2000FCF7A0F926462FE7A368CBF81030E368BF
:10AA3000CBF81430242A10D010340BF11803BAE7E5
:10AA40004046FCF78FF904E72369036161694161BE
:10AA500004F1180200F11803E5E62369CBF8183079
:10AA60006369CBF81C3018340BF12003A3E732469E
:10AA700060E721463046FFF7A3FD074B60E7A1687A
:10AA8000CBF81010E168CBF81410242A06D010344B
:10AA90000BF118024EE700BF700100202269CBF8CD
:10AAA00018206269CBF81C2018340BF1200241E712
:10AAB0002DE9F04F8BB0DDE9157A86461E46002F52
:10AAC0005AD0156800295CD0149B002B69D0741EE5
:10AAD0004EB3043DCDE9015EDDF850B0049100268F
:10AAE000039105920BE0039B0BBB019B18680028A8
:10AAF00036D0DC4557D2013C631C664613D0019B1F
:10AB0000029853F8042F0193DAF8E0503B4607A966
:10AB1000D7E90098A847421C37D000EB060CDC456B
:10AB2000E1D9C7E9009830460BB0BDE8F08F0028A6
:10AB30000EDD049B019D18445A1E07A900F1FF3E3B
:10AB400011F8013B02F8013F7245F9D101950490DB
:10AB5000059B1A6804321A60019B18680028C8D146
:10AB60000399059A01B110600CF1FF3600223046BE
:10AB70003A600BB0BDE8F08F156800F586770029C4
:10AB8000A2D14FF0FF331493A1E7DDF808E00646A9
:10AB90008A2100223046CEF800103A600BB0BDE8A2
:10ABA000F08F149EBFE76646BDE700BF10B584B0C6
:10ABB000054C06980090079801900448006802949C
:10ABC000FFF776FF04B010BD780500201C000020C0
:10ABD0000EB410B583B005AB064C53F8042B0193AB
:10ABE0000146206800F008F803B0BDE8104003B04B
:10ABF000704700BF1C0000202DE9F04FC7B016AF12
:10AC0000CDE9062183460822002138461C460C93D4
:10AC1000FBF776FBBBF1000F04D0DBF83430002BE0
:10AC200000F02786079B5A6EB3F90C30D00702D488
:10AC3000990540F10A859E0406D4079943F4005310
:10AC400022F400528B814A66950400F1C386079A6C
:10AC5000B2F90C30190740F1CB801269002A00F0DC
:10AC6000C78003F01A020A2A00F0D18000239E4612
:10AC7000CDE90FEECDE91B33DFF8F8A8CDF838E0C9
:10AC80001DAB1A939946CDF820E0CDF834E0069D2F
:10AC9000DAF8E440FDF790FF009703462A4614A92E
:10ACA0005846A047002800F0D180C0F2C780149A0F
:10ACB000252A034601D01D44EAE7069BEE1A044606
:10ACC00040F0C88000234FF0FF316A788DF84B3098
:10ACD00009936C1C059103930134A2F120035A2BB4
:10ACE00000F2F980DFE813F06002F700F7005A0283
:10ACF000F700F700F7006A00F700F700E801F90134
:10AD0000F700F3010402F700FE015B005B005B004B
:10AD10005B005B005B005B005B005B00F700F70023
:10AD2000F700F700F700F700F700F700F7009D01C4
:10AD30006A02F700F700F700F700F700F700F700E6
:10AD4000F700F700F7002002F700F700F7007601A0
:10AD5000F7008D02F700F700E704F700F700F700AF
:10AD6000F700F700F700F700F700F700F7009D0184
:10AD7000C201F700F700F7008402C2017E00F7006D
:10AD80000A03F700FB02E404DA027E00F700760112
:10AD90007C00E104F700F7000A05F7007C00A2F14F
:10ADA0003003002114F8012B01EB810103EB410179
:10ADB000A2F13003092BF5D909918EE75846FDF72A
:10ADC00001FF43680F931846F5F7BAFC109005464B
:10ADD0005846FDF7F7FE83680E93002D40F0568429
:10ADE000227879E7039B227843F02003039373E7EB
:10ADF000079D5846294601F003F8002840F01E86BA
:10AE0000B5F90C3003F01A020A2A7FF42FAF079924
:10AE1000B1F90E20002AFFF629AF4A6ED60702D4F8
:10AE20009D0540F1CB85DDE906212346584600F01B
:10AE300017FE0890089847B0BDE8F08F082200215F
:10AE40003846FBF75DFA01231D4421E7069BEE1A05
:10AE5000044612D0069BC9E900361C9B33441C9360
:10AE60001B9B0133072B1B9311DC09F10809089B7D
:10AE700033440893002C7FF425AF1C9B002B40F03B
:10AE8000B885079B0022B3F90C301B9218E0079994
:10AE90001AAA584600F024FE78B90DF17409E6E7C5
:10AEA00007991AAA584600F01BFE00287ED00B9B7B
:10AEB0001BB10B995846FBF7A1FB079BB3F90C306C
:10AEC000079A526ED1077CD55B0600F18D850898F4
:10AED00047B0BDE8F08F0694002ACED000238DF84D
:10AEE0004B3001238DF8B42004930A932DAC00233A
:10AEF0000B930593039810F08408DDE91B2105D11D
:10AF00000998049D451B002D00F3D6829DF84B0047
:10AF100078B1013201200131C9F80400072A0DF18E
:10AF20004B00CDE91B21C9F8000000F3FA8209F1BA
:10AF300008097BB1013213A80231C9F80000072AC1
:10AF40004FF00200CDE91B21C9F8040000F3F8829C
:10AF500009F10809B8F1800F00F00C82059B0A98EE
:10AF60001D1A002D00F34A820A9BC9F800400132E5
:10AF70001944072ACDE91B21C9F8043000F379826E
:10AF800009F10809039B580705D5099B049A9C1AE7
:10AF9000002C00F3E282DDE9083204988242ACBF63
:10AFA0009B181B18089300297FF47AAF00231B938A
:10AFB0000B9B1BB10B995846FBF720FB0DF1740955
:10AFC00065E69A0580D4079CA06DFBF7A9FAB4F951
:10AFD0000C3079E70C9E069456F8044B00238DF84C
:10AFE0004B30002C00F05D84532A00F0A283039BB9
:10AFF00013F0100540F09D83059B002BC0F2CD841B
:10B000001A4629462046F5F74BFB0B90002800F026
:10B010000685031BCDE90A3523EAE373049300F0A8
:10B020009DBC0C9B0694432A03F1040503D0039BAB
:10B03000D80640F167830822002118A8FBF760F9C1
:10B040000C9B2DAC1A68214618AB5846FFF726FA20
:10B05000034601330A9000F0D6840A9B23EAE37387
:10B06000049300230C958DF84B3040E7039B069426
:10B07000990640F1AC800C9B073323F00703194677
:10B080005A6851F8083B0C911146002AC0F23F81E2
:10B09000059A002AC0F24881039A22F080020392A6
:10B0A00053EA010240F04081059B002B40F08B8465
:10B0B00004930A9346AC49E10C9B53F8042B099284
:10B0C000002A80F2BA82099A0C9352420992039B99
:10B0D000227843F004030393FEE52B2322788DF8B6
:10B0E0004B30F9E5039B227843F080030393F3E5AB
:10B0F000204610F8012B2A2A00F09584A2F1300393
:10B10000092B98BF002100F2608410F8012B01EB9D
:10B11000810103EB4101A2F13003092BF5D941EA8A
:10B12000E17305930446D8E5039B069443F01002AF
:10B1300012F0200100F051820C9B073323F007032B
:10B140001846596850F8083B0C9022F48064039428
:10B15000059C002084428DF84B007CDB53EA0104FF
:10B1600022F4906240F08183039C0392059B002BA4
:10B1700069D1002840F05C8214F001020A9200F0CC
:10B18000608230238DF817319DF84B3004920DF218
:10B190001714002B40F0DF800B93E1E0039B227833
:10B1A00043F00103039397E59DF84B302278002B81
:10B1B0007FF492AD20238DF84B308DE5039B0694F0
:10B1C00043F010030393039B99063FF554AF0C9A89
:10B1D00052F8043B0C92039AD20600F14382039A80
:10B1E000560640F13B8243F3C0310A461BB24CE79E
:10B1F0002278039B682A00F0958243F04003039372
:10B200006AE5039B069443F0100414F0200100F05B
:10B21000F3810C9B073323F007031A46596852F851
:10B22000083B0C9200228DF84B20059A002AC0F2B0
:10B230001E8324F08002039253EA010274D1059B1D
:10B240000120002B95D0012800F0BD8300230228A7
:10B25000194600F01A8146AC03F00702DB0843EA06
:10B260004173C908303253EA0105204604F8012D24
:10B27000F2D1039BDD0740F11681302A00F01381E3
:10B280003023059A04F8013C023846AB1B1A9A4257
:10B29000B8BF1A460A930446049257E0039B0C9ADF
:10B2A000069443F00203039352F8043B0C9247F6D2
:10B2B0003002ADF84C20AD4A0D92002100228DF8ED
:10B2C0004B20059A002AC0F2E080039C53EA01005B
:10B2D00024F08002039240F0D880022046E7039BCE
:10B2E00006949C0640F1C1810C9B089A1B681A6069
:10B2F000D2175A600C9B04330C93C8E42278039B4A
:10B300006C2A00F0088243F010030393E4E42D223A
:10B310008DF84B20059A5B4261EB4101002A03DB6B
:10B32000039A22F0800203920A2B71F1000280F04E
:10B3300039823033DBB28DF81731059B012BB8BF52
:10B340000123049301230A930DF217149DF84B3047
:10B35000002B3FF421AF00230B93049B0133049394
:10B36000039B13F002033FF4C5AD049B0233049327
:10B370000223BFE5099B04981D1A002D7FF7EEAD4F
:10B38000102DDFF8EC8126DD40464B46A046DDF867
:10B390001C901026044604E0103D102D03F1080314
:10B3A00015DD01321031072AC3E90046CDE91B2122
:10B3B000F2DD1AAA4946584600F092FB00287FF4B5
:10B3C00076AD103D102DDDE91B211DABE9DC994662
:10B3D00023464446984601322944072ACDE91B21D9
:10B3E000C9F80080C9F8045000F34882059B0A9808
:10B3F0001D1A002D09F108097FF7B6AD102DDFF8F1
:10B40000708128DD4B461026A9462546079C06E09C
:10B41000A9F11009B9F1100F03F1080318DD013289
:10B4200053481031072AC3E90006CDE91B21EFDD9F
:10B430001AAA2146584600F053FB00287FF437AD86
:10B44000A9F11009B9F1100FDDE91B211DABE6DCF4
:10B450002C464D46994601322944072ACDE91B2145
:10B46000C9F80080C9F8045000F3D58009F1080933
:10B470007AE507991AAA584600F032FB00287FF4B3
:10B4800016AD1C990DF174097CE50D9846AC03F0DE
:10B490000F021B09825C04F8012D43EA01730909BC
:10B4A00053EA0102F3D1059A46AB1B1B9A42B8BF7F
:10B4B0001A460A93049249E7102D2F4E23DD484681
:10B4C0001193A146079C04E0103D102D00F10800E7
:10B4D00016DD013210311023072ACDE91B21066049
:10B4E0004360F1DD1AAA2146584600F0F9FA002817
:10B4F0007FF4DDAC103D102DDDE91B211DA8E8DC3B
:10B50000119B4C46814601322944072ACDE91B2173
:10B51000C9F80060C9F8045000F3978109F10809DF
:10B52000F4E4079911931AAA584600F0D9FA0028B2
:10B530007FF4BDACDDE91B21119B0DF17409F8E42A
:10B5400007991AAA584600F0CBFA00287FF4AFAC4E
:10B55000DDE91B210DF17409FCE4102C1B9B064E48
:10B5600028DDDDF81C8010250DE000BFC0C10008FB
:10B570009CC5000878050020ACC50008103C102CC4
:10B5800009F1080916DD01331031072BC9E90065FF
:10B59000CDE91B31F2DD1AAA4146584600F0A0FA67
:10B5A00000287FF484AC103C102CDDE91B310DF138
:10B5B0007409E8DC01332144072BC9E90064CDE9B3
:10B5C0001B317FF7E8AC07991AAA584600F088FAB1
:10B5D00000287FF46CAC1C99DDE40C9850F8043B17
:10B5E0000C9012F010007FF4B0AD12F0400400F0A7
:10B5F00062819BB20146A8E50C9A52F8043B0C927A
:10B6000014F010027FF40EAE14F0400000F05981E7
:10B610009BB2114606E607991AAA584600F060FA4E
:10B6200000287FF444ACDDE91B210DF174099BE493
:10B63000059B04930A9346AC88E622780C93FFF7A7
:10B640004BBB059B049346AC80E6079DA86DFAF7BB
:10B6500065FFB5F90C306A6EFFF7EDBA039A9505F0
:10B6600000F18781D9170A460FE5039BD80600F140
:10B670001381039B590600F18B81039B9A0540F1CE
:10B680000B810C9B089A1B681A7033E60E9B22787C
:10B69000002B3FF421AB1B78002B3FF41DAB039B29
:10B6A00043F480630393FFF717BB0694039CACE558
:10B6B000039A06943CE5B24B06940D93039B13F05A
:10B6C00020015FD00C9B073323F00703184659680D
:10B6D00050F8083B0C90039CE6070AD553EA01009A
:10B6E00007D08DF84D2044F00202039230228DF8ED
:10B6F0004C20039A22F480620392DFE5A14B06946A
:10B700000D93DBE70C9B1B688DF8B4300123049389
:10B710000A932DACA5E443F020036278039301342F
:10B72000FFF7DABA43F40073627803930134FFF74A
:10B73000D3BA0822002118A81594FAF7E1FD059B59
:10B74000002BC0F2DC800025CDF81090A846994669
:10B750000EE02DA95846FEF7A1FE431C404400F020
:10B760005281484509DC05F1040500F0548180460A
:10B77000159A525918AB002AEBD1DDF81090CDF88C
:10B780002880C9E00C9850F8043B0C90039810F006
:10B790001000A0D1039911F0400400F099809BB2F1
:10B7A000014698E7039ACDF8109046AC02F4806207
:10B7B000A146CDF828B0744EDDF838B04FF0000C3B
:10B7C000144605E00A2B71F1000136D343462946A1
:10B7D0005A1842F10002A6FB020525F0030000EB17
:10B7E0009500121A981A4FF0CC3561F1000E05FB46
:10B7F00000F506FB0E55A0FB0680054408F0010E7F
:10B800000520AEFB000E80184FEA5808303009F8CA
:10B81000010C48EAC5780CF1010C09F1FF396D08FB
:10B82000002CCFD09BF800206245CBD1BCF1FF0F9C
:10B83000C8D00A2B71F1000151D2CDF838B04C4676
:10B84000DDF828B0DDF810902DE6079911931AAABB
:10B85000584600F045F900287FF429ABDDE91B21AB
:10B86000119B0DF17409FFF751BB0392F3E40394AC
:10B870005AE55846FAF794FCFFF7D4B907991AAA83
:10B88000584600F02DF900287FF411ABDDE91B21AB
:10B890000DF17409FFF762BB0C9B089A1B681A60D4
:10B8A00028E5059B394C0C96062B28BF06230A93E6
:10B8B0000493FFF71CBB12F400711CBFDBB22146DE
:10B8C00043E414F400713FF4ADACDBB20146A9E4EB
:10B8D000039911F400711CBFDBB22146FBE6109BFB
:10B8E0000F99A9EB03091A464846FDF731F99BF871
:10B8F00001300BB10BF1010B4FF0000C66E718ABF8
:10B9000000930023194615AA5846FEF7EDFD03469D
:10B9100001330A9077D015940A9BE3B1632B45DC81
:10B9200000230B932DAC0822002118A8FAF7E8FC9D
:10B930000A9D18AB009315AA2B4621465846FEF7E0
:10B94000D3FD854240F085800A9A0023A35422EA61
:10B95000E273049302E00A9B04930B939DF84B302F
:10B960001BB100230C960593F7E405930C96FFF7A3
:10B97000C1BA43F3C0110A465BB2FFF786BB00BFF2
:10B98000D4C10008C0C10008CDCCCCCCE8C10008AF
:10B990000C9B089A1B681A80ACE42046F4F7D0FE92
:10B9A00020EAE073CDE90A050493D7E7591C58460D
:10B9B000FAF720FF044630B30B90B4E7886DFAF72E
:10B9C000AFFDFFF730BA3023B5E4002304460593FA
:10B9D000FFF783B9D40707D4079B9B89980503D445
:10B9E000079B986DFAF79CFD4FF0FF330893FFF724
:10B9F0006EBA07991AAA584600F072F800283FF468
:10BA000040AAFFF75ABA079AB2F90C3043F0400344
:10BA10009381FFF755BADDE904930A937CE7059B10
:10BA200004930A939AE70C9B627853F8041B0C93D7
:10BA300041EAE17104460591FFF74EB9079A536E4A
:10BA4000DB07D1D493899F05CED4906DFAF768FDBA
:10BA5000CAE7079A938943F040039381FFF727BA17
:10BA6000F0B51F468B89ADF26C4D23F00203ADF8A3
:10BA70000C301AAB009304934FF480630293059348
:10BA80004B6E1993CB89ADF80E30CB6907934B6A97
:10BA9000099315460023064616A80C460693FAF7A6
:10BAA00039FD2A463B4669463046FFF7A5F8051E94
:10BAB00007DB69463046FDF721F8002818BF4FF034
:10BAC000FF35BDF80C305B0603D5A38943F0400376
:10BAD000A3811698FAF720FD28460DF26C4DF0BDB3
:10BAE000936810B514461BB918460023636010BD57
:10BAF00000F006F80023A3600023636010BD00BFC0
:10BB00009368002B00F0F8802DE9F04FB1F90CC0DC
:10BB10001CF0080F83B0904681460C4631D00B696B
:10BB20007BB31CF00207D8F8006038D00027D4F8A7
:10BB300024B0E169DFF8C4A23D4655452B463A469C
:10BB400028BF53464846C5B1D847002840F3CA80AD
:10BB5000D8F808301B1A07442D1AC8F80830002BF3
:10BB600000F0B68055452B46D4F824B0E16928BFD3
:10BB700053463A464846002DE6D1D6E900750836C8
:10BB8000DBE72146484600F03BF9002840F0AF8053
:10BB9000B4F90CC0D8F800601CF00207C6D11CF044
:10BBA000010A63D12368A168574618468B46002FC7
:10BBB00058D01CF4007F00F0B580B9420A4600F26C
:10BBC000E1801CF4906F2FD0216962695D1A02EB4D
:10BBD000420202EBD2726B1C52103B44934292BF62
:10BBE00093469B461A461CF4806F00F0EA8011468B
:10BBF0004846FAF7FFFD002800F0F9802A4621693F
:10BC00000090F4F7B3FCA289009B22F4906242F00A
:10BC10008002A2815819ABEB0505C4F814B023616A
:10BC2000A5602060BB463A4651460092FEF7C8FC2C
:10BC3000A1682368009AA1EB0B011A443D46A1605C
:10BC400022600027D8F808305B1BAA44C8F80830E7
:10BC5000002B3DD02368A168B4F90CC018468B4670
:10BC6000002FA6D1D6E900A708369EE73846BB4686
:10BC70003D460097002D41D0002846D0009A20680C
:10BC8000A168D4E90473AA4228BF2A46B84204D95D
:10BC900001EB030A524500F38580934275DCE169AC
:10BCA000676A5A464846B847B0F1000A1ADD009B59
:10BCB000B3EB0A0300930FD00120D8F80830A3EBB0
:10BCC0000A03D344A5EB0A05C8F80830002BD1D1EC
:10BCD000002003B0BDE8F08F21464846FCF70EFF78
:10BCE0000028EAD0B4F90C3043F04003A3814FF0B0
:10BCF000FF3003B0BDE8F08F002070477568334611
:10BD00000836002DFAD0D3F800B02A460A2158464A
:10BD1000F4F7C6FC002867D00130A0EB0B030093BA
:10BD20001A46ACE722699A4214D36269BA4211D822
:10BD30006FF00043BB4228BF3B46656A93FBF2F3BA
:10BD4000E16902FB03F348465246A847051EC9DDD8
:10BD50007F1B77E7B94228BF39460D4618460A4689
:10BD60005146FEF72DFCA1682368491B2B44A160B6
:10BD700023600029ECD121464846FCF7BFFE00288D
:10BD8000E6D0AFE7BB463A464EE759460192FEF78A
:10BD900017FC019AA3689B1AA360236813442360CD
:10BDA000924684E759465246FEF70AFC23685344FC
:10BDB000236021464846FCF7A1FE00283FF477AFF8
:10BDC00090E74846FEF7D2FC034600287FF422AFF6
:10BDD00021694846FAF712FCB4F90C300C22C9F874
:10BDE000002023F080037FE76A1C009247E70C22C3
:10BDF000B4F90C30C9F8002076E700BF00FCFF7FE3
:10BE000038B52F4B1B6805460C4613B15A6B002AF8
:10BE10004BD0B4F90C3018071CD5226922B313F0AB
:10BE2000010107D0616900204942A060A1613AB1D7
:10BE3000002038BD980758BF6169A160002AF7D17A
:10BE4000190658BF1046F4D543F04003A3814FF0C4
:10BE5000FF3038BDD9062CD55A0712D4226943F0D9
:10BE60000803A381002ADAD103F42071B1F5007F21
:10BE7000D5D02146284600F02DF8B4F90C302269BF
:10BE8000CDE7216B51B104F14002914204D0284624
:10BE9000FAF7B4FBB4F90C300022226322690021C6
:10BEA000C4E9002123F02403D9E71846FAF778F90A
:10BEB000AFE7092243F040032A60A381C7E700BF30
:10BEC0001C00002008B5062000F072F80120F5F7EC
:10BED000F7FB00BF2DE9F041B1F90C300C46990792
:10BEE00096B008D504F143030122C4E9043223606B
:10BEF00016B0BDE8F081B4F90E100029064626DB25
:10BF00006A4600F081F800281FDB019D05F47045AA
:10BF1000A5F50055B5FA85F54FF480686D094FF425
:10BF2000006741463046FAF765FCE8B1B4F90C30D9
:10BF3000C4F8148043F0800320602061A3813DBBDE
:10BF40003B43A38116B0BDE8F081B4F90C3013F087
:10BF5000800519D04FF040080025414630462F4655
:10BF6000FAF748FC0028E1D1B4F90C309A05BFD4A7
:10BF700023F0030304F1430243F002030121C4E967
:10BF80000421A3812260B3E74FF480682F46C8E7FD
:10BF9000B4F90E10304600F04DF810B9B4F90C3079
:10BFA000CEE7A38923F0030343F001031BB2C7E7E5
:10BFB00038B5144B1F281D681ED8D5F83821044603
:10BFC00062B152F820304BB1012B05D0591C0FD073
:10BFD000002142F820109847002038BD284600F084
:10BFE00051F8224601462846BDE8384000F034B8F2
:10BFF00016232B60012038BD16232B604FF0FF3035
:10C0000038BD00BF1C00002070B50C46084D03462B
:10C010000026204611461C462E60F5F778FB431C8F
:10C0200000D070BD2B68002BFBD0236070BD00BF1B
:10C03000A04F002038B5074D0022044608462A606C
:10C04000F5F76AFB431C00D038BD2B68002BFBD0F2
:10C05000236038BDA04F002070B50C46084D034644
:10C060000026204611461C462E60F5F721FB431C96
:10C0700000D070BD2B68002BFBD0236070BD00BFCB
:10C08000A04F0020F5F712BBF8B500BFF8BC08BC04
:10C090009E467047F8B500BFF8BC08BC9E46704786
:10C0A0008CC100089D100008000000000000000086
:10C0B0008000000000000000000000007CC10008BB
:10C0C00079540008FDFF000000000000800000001F
:10C0D00000000000000000006CC10008795D00084D
:10C0E000FDFF000000000000000100000000000053
:10C0F0000000000060C1000831590008FDFF000089
:10C1000000000000800000000000000000000000AF
:10C1100050C100087D550008FDFF00000000000030
:10C1200080000000000000000000000048C100087E
:10C1300019540008FDFF000000000000800000000E
:10C140000000000000000000646D6D6F746F7200ED
:10C1500063616E5F73656E745F7461736B00000082
:10C160006765745F72635F7461736B00756172748D
:10C170005F73656E745F746573740000626F6172E3
:10C18000645F4C45445F7461736B00006465666175
:10C19000756C745461736B0049444C450000000099
:10C1A000FFFFFFFFFFFFFF002566200D0A000000D4
:10C1B000494E4600696E66004E414E006E616E004B
:10C1C000303132333435363738396162636465660D
:10C1D00000000000303132333435363738394142CF
:10C1E0004344454600000000286E756C6C29000031
:10C1F000300000002E0000004C435F434F4C4C4188
:10C20000544500004C435F43545950450000000022
:10C210004C435F4D4F4E4554415259004C435F4E85
:10C22000554D4552494300004C435F54494D45002C
:10C230004C435F4D4553534147455300496E666932
:10C240006E697479000000004E614E0042616C6CB2
:10C250006F63207375636365656465640000000047
:10C260002F646174612F6A656E6B696E732F776FCF
:10C27000726B73706163652F474E552D746F6F6CD1
:10C28000636861696E2F61726D2D31332F73726334
:10C290002F6E65776C69622D63796777696E2F6E93
:10C2A00065776C69622F6C6962632F7374646C6963
:10C2B000622F64746F612E63000000002F6461744C
:10C2C000612F6A656E6B696E732F776F726B737017
:10C2D0006163652F474E552D746F6F6C636861699C
:10C2E0006E2F61726D2D31332F7372632F6E6577F0
:10C2F0006C69622D63796777696E2F6E65776C69FB
:10C30000622F6C6962632F7374646C69622F6D7045
:10C310007265632E630000002C2066756E6374697D
:10C320006F6E3A2000000000617373657274696F6C
:10C330006E2022257322206661696C65643A20664E
:10C34000696C6520222573222C206C696E6520257E
:10C3500064257325730A0000000000000102030435
:10C3600000000000000000000102030406070809A5
:10C3700000061016000610163030303030303030E5
:10C38000303030303030303020202020202020202D
:10C39000202020202020202005000000190000007F
:10C3A0007D000000000000000080E03779C34143B9
:10C3B000176E05B5B5B89346F5F93FE9034F384D0B
:10C3C000321D30F94877825A3CBF737FDD4F1575B7
:10C3D000000000000000F03F0000000000002440CA
:10C3E00000000000000059400000000000408F40A5
:10C3F000000000000088C34000000000006AF84010
:10C400000000000080842E4100000000D012634133
:10C410000000000084D797410000000065CDCD41A9
:10C42000000000205FA00242000000E8764837428A
:10C43000000000A2941A6D42000040E59C30A24228
:10C440000000901EC4BCD64200003426F56B0C439D
:10C450000080E03779C3414300A0D8855734764344
:10C4600000C84E676DC1AB43003D9160E458E143A5
:10C47000408CB5781DAF154450EFE2D6E41A4B441A
:10C4800092D54D06CFF08044F64AE1C7022DB5445F
:10C49000B49DD9794378EA44002020202020202030
:10C4A0002020282828282820202020202020202064
:10C4B0002020202020202020208810101010101074
:10C4C00010101010101010101004040404040404C0
:10C4D000040404101010101010104141414141415A
:10C4E000010101010101010101010101010101013C
:10C4F000010101011010101010104242424242424C
:10C50000020202020202020202020202020202020B
:10C5100002020202101010102000000000000000B3
:10C52000000000000000000000000000000000000B
:10C5300000000000000000000000000000000000FB
:10C5400000000000000000000000000000000000EB
:10C5500000000000000000000000000000000000DB
:10C5600000000000000000000000000000000000CB
:10C5700000000000000000000000000000000000BB
:10C5800000000000000000000000000000000000AB
:10C5900000000000000000000000000030303030DB
:10C5A00030303030303030303030303020202020CB
:0CC5B000202020202020202020202020FF
:08C5BC00B03FFF7F0100000009
:08C5C40025650008310E000896
:04C5CC00090E00084C
:10C5D0000024F4000100000010000000AAAAAAAA8A
:10C5E0000000000003000000644E00202000002036
:10C5F00000000000644E0020CC4E0020344F00208C
:10C60000000000000000000000000000000000002A
:10C61000000000000000000000000000000000001A
:10C62000000000000000000000000000000000000A
:10C6300000000000000000000000000000000000FA
:10C6400000000000000000000000000000000000EA
:10C6500000000000000000000000000000000000DA
:10C6600000000000000000000000000000000000CA
:10C6700000000000000000000000000000000000BA
:10C6800000000000000000000100000000000000A9
:10C690000E33CDAB34126DE6ECDE05000B0000006E
:10C6A000000000000000000000000000000000008A
:10C6B000000000000000000000000000000000007A
:10C6C000000000000000000000000000000000006A
:10C6D000000000000000000000000000000000005A
:10C6E000000000000000000000000000000000004A
:10C6F000000000000000000000000000000000003A
:10C700000000000000000000000000000000000029
:10C710000000000000000000000000000000000019
:10C720000000000000000000000000000000000009
:10C73000A84F0020FFFFFFFF0000020000000000E4
:10C7400000000000000000007001002070010020C7
:10C750007801002078010020800100208001002065
:10C760008801002088010020900100209001002015
:10C770009801002098010020A0010020A0010020C5
:10C78000A8010020A8010020B0010020B001002075
:10C79000B8010020B8010020C0010020C001002025
:10C7A000C8010020C8010020D0010020D0010020D5
:10C7B000D8010020D8010020E0010020E001002085
:10C7C000E8010020E8010020F0010020F001002035
:10C7D000F8010020F80100200002002000020020E3
:10C7E0000802002008020020100200201002002091
:10C7F0001802002018020020200200202002002041
:10C8000028020020280200203002002030020020F0
:10C8100038020020380200204002002040020020A0
:10C820004802002048020020500200205002002050
:10C830005802002058020020600200206002002000
:10C8400068020020680200207002002070020020B0
:10C850007802002078020020800200208002002060
:10C860008802002088020020900200209002002010
:10C870009802002098020020A0020020A0020020C0
:10C88000A8020020A8020020B0020020B002002070
:10C89000B8020020B8020020C0020020C002002020
:10C8A000C8020020C8020020D0020020D0020020D0
:10C8B000D8020020D8020020E0020020E002002080
:10C8C000E8020020E8020020F0020020F002002030
:10C8D000F8020020F80200200003002000030020DE
:10C8E000080300200803002010030020100300208C
:10C8F000180300201803002020030020200300203C
:10C9000028030020280300203003002030030020EB
:10C91000380300203803002040030020400300209B
:10C92000480300204803002050030020500300204B
:10C9300058030020580300206003002060030020FB
:10C9400068030020680300207003002070030020AB
:10C95000780300207803002080030020800300205B
:10C96000880300208803002090030020900300200B
:10C970009803002098030020A0030020A0030020BB
:10C98000A8030020A8030020B0030020B00300206B
:10C99000B8030020B8030020C0030020C00300201B
:10C9A000C8030020C8030020D0030020D0030020CB
:10C9B000D8030020D8030020E0030020E00300207B
:10C9C000E8030020E8030020F0030020F00300202B
:10C9D000F8030020F80300200004002000040020D9
:10C9E0000804002008040020100400201004002087
:10C9F0001804002018040020200400202004002037
:10CA000028040020280400203004002030040020E6
:10CA10003804002038040020400400204004002096
:10CA20004804002048040020500400205004002046
:10CA300058040020580400206004002060040020F6
:10CA400068040020680400207004002070040020A6
:10CA50007804002078040020800400208004002056
:10CA60008804002088040020900400209004002006
:10CA70009804002098040020A0040020A0040020B6
:10CA8000A8040020A8040020B0040020B004002066
:10CA9000B8040020B8040020C0040020C004002016
:10CAA000C8040020C8040020D0040020D0040020C6
:10CAB000D8040020D8040020E0040020E004002076
:10CAC000E8040020E8040020F0040020F004002026
:10CAD000F8040020F80400200005002000050020D4
:10CAE0000805002008050020100500201005002082
:10CAF0001805002018050020200500202005002032
:10CB000028050020280500203005002030050020E1
:10CB10003805002038050020400500204005002091
:10CB20004805002048050020500500205005002041
:10CB300058050020580500206005002060050020F1
:10CB40006805002068050020430000000000000088
:10CB500000000000000000000000000000000000D5
:10CB60000000000000000000430000000000000082
:10CB700000000000000000000000000000000000B5
:10CB80000000000000000000430000000000000062
:10CB90000000000000000000000000000000000095
:10CBA0000000000000000000430000000000000042
:10CBB0000000000000000000000000000000000075
:10CBC0000000000000000000430000000000000022
:10CBD0000000000000000000000000000000000055
:10CBE0000000000000000000430000000000000002
:10CBF0000000000000000000000000000000000035
:10CC000000000000000000004300000000000000E1
:10CC10000000000000000000000000000000000014
:10CC2000000000000000000081A40008C99C00086A
:10CC30000000000098C40008F4C1000824C30008E4
:10CC400024C3000824C3000824C3000824C3000828
:10CC500024C3000824C3000824C3000824C3000818
:10CC6000FFFFFFFFFFFFFFFFFFFFFFFFFFFF0000D2
:10CC7000010041534349490000000000000000004A
:10CC800000000000000000000000000000000000A4
:10CC9000000041534349490000000000000000002B
:10CCA0000000000000000000000000000000000084
:04CCB0000000000080
:0400000508001E3D94
:00000001FF
